{
  "fallback": "ethrium:ruined_tower/tops",
  "elements": [
    {
      "weight": 1,
      "element": {
        "element_type": "minecraft:single_pool_element",
        "projection": "rigid",
        "location": "ethrium:ruined_tower/tops/top_1",
        "processors": "minecraft:empty"
      }
    },
    {
      "weight": 1,
      "element": {
        "element_type": "minecraft:single_pool_element",
        "projection": "rigid",
        "location": "ethrium:ruined_tower/tops/top_2",
        "processors": "minecraft:empty"
      }
    }
  ]
}
