{
	"loot_tables_to_eject": [
		{
			"data": "yggdrasil:asgard/spawner/key",
			"weight": 3
		},
		{
			"data": "yggdrasil:asgard/spawner/ominous",
			"weight": 7
		}
	],
	"simultaneous_mobs": 4.0,
	"simultaneous_mobs_added_per_player": 2.0,
	"spawn_potentials": [
		{
			"data": {
				"entity": {
					"DeathLootTable": "yggdrasil:generic/mob/ominous/piglin_brute",
					"active_effects": [
						{
							"id": "minecraft:absorption",
							"duration": -1,
							"amplifier": 2,
							"show_particles": false
						},
						{
							"id": "minecraft:fire_resistance",
							"duration": -1,
							"amplifier": 0,
							"show_particles": false
						},
						{
							"id": "minecraft:regeneration",
							"duration": -1,
							"amplifier": 0,
							"show_particles": false
						},
						{
							"id": "minecraft:oozing",
							"duration": -1,
							"amplifier": 1,
							"show_particles": false
						},
						{
							"id": "minecraft:resistance",
							"duration": -1,
							"amplifier": 0,
							"show_particles": false
						}
					],
					"id": "minecraft:zombified_piglin"
				},
				"equipment": {
					"loot_table": "yggdrasil:generic/equipment/ominous/asgard/melee",
					"slot_drop_chances": 0.0
				}
			},
			"weight": 1
		}
	],
	"ticks_between_spawn": 80
}
