{
  "display": {
    "icon": {
      "id": "minecraft:shaper_armor_trim_smithing_template"
    },
    "title": "I Hope You've Found All 3 Types!",
    "description": "Find 25 Mythical Treasure!",
    "frame": "goal",
    "show_toast": true,
    "announce_to_chat": true,
    "hidden": true
  },
  "parent": "mt:treasure_advancements/10_mythical_treasure",
  "criteria": {
    "obtainchest": {
      "trigger": "minecraft:recipe_unlocked",
      "conditions": {
        "recipe": "mt:advancement",
        "player": [
          {
            "condition": "minecraft:entity_scores",
            "entity": "this",
            "scores": {
              "mt.legendary_count": {
                "min": 25
              }
            }
          }
        ]
      }
    }
  }
}
