{
  "display": {
    "icon": {
      "id": "minecraft:sand"
    },
    "title": "Driest Place In Minecraft",
    "description": "Find your first Common Desert Treasure!",
    "frame": "task",
    "show_toast": true,
    "announce_to_chat": true,
    "hidden": false
  },
  "parent": "mt:treasure_advancements/first_common_treasure",
  "criteria": {
    "obtainchest": {
      "trigger": "minecraft:player_generates_container_loot",
      "conditions": {
        "loot_table": "mt:chests/desert/common"}
    }
  }
}
