{
  "display": {
    "icon": {
      "id": "minecraft:crimson_roots"
    },
    "title": "Crim-Soon",
    "description": "Find your first Common Crimson Forest Treasure!",
    "frame": "task",
    "show_toast": true,
    "announce_to_chat": true,
    "hidden": false
  },
  "parent": "mt:treasure_advancements/first_legendary_nether_treasure",
  "criteria": {
    "obtainchest": {
      "trigger": "minecraft:player_generates_container_loot",
      "conditions": {
        "loot_table": "mt:chests/crimson/common"}
    }
  }
}

