{
  "display": {
    "icon": {
      "id": "minecraft:milk_bucket"
    },
    "title": "Homebrewed Moomoo Milk",
    "description": "Find your first Epic Mushroom Treasure!",
    "frame": "goal",
    "show_toast": true,
    "announce_to_chat": true,
    "hidden": false
  },
  "parent": "mt:treasure_advancements/first_rare_mushroom_treasure",
  "criteria": {
    "obtainchest": {
      "trigger": "minecraft:player_generates_container_loot",
      "conditions": {
        "loot_table": "mt:chests/mushroom/epic"}
    }
  }
}
