{
  "display": {
    "icon": {
      "id": "minecraft:sunflower"
    },
    "title": "Aww For Me? You Shouldn't Have (◕‿◕✿)",
    "description": "Find your first Legendary Flower Treasure!",
    "frame": "challenge",
    "show_toast": true,
    "announce_to_chat": true,
    "hidden": false
  },
  "parent": "mt:treasure_advancements/first_epic_flower_treasure",
  "criteria": {
    "obtainchest": {
      "trigger": "minecraft:player_generates_container_loot",
      "conditions": {
        "loot_table": "mt:chests/flower/legendary"}
    }
  }
}
