{
  "display": {
    "icon": {
      "id": "minecraft:glow_berries"
    },
    "title": "Glowing Prize",
    "description": "Find your first Rare Lush Caves Treasure!",
    "frame": "task",
    "show_toast": true,
    "announce_to_chat": true,
    "hidden": false
  },
  "parent": "mt:treasure_advancements/first_common_lush_caves_treasure",
  "criteria": {
    "obtainchest": {
      "trigger": "minecraft:player_generates_container_loot",
      "conditions": {
        "loot_table": "mt:chests/lush_caves/rare"}
    }
  }
}
