{
  "display": {
    "icon": {
      "id": "minecraft:stone"
    },
    "title": "We're Getting There",
    "description": "Find your first Rare Default Treasure!",
    "frame": "task",
    "show_toast": true,
    "announce_to_chat": true,
    "hidden": false
  },
  "parent": "mt:treasure_advancements/first_common_default_treasure",
  "criteria": {
    "obtainchest": {
      "trigger": "minecraft:player_generates_container_loot",
      "conditions": {
        "loot_table": "mt:chests/default/rare"}
    }
  }
}
