{
  "display": {
    "icon": {
      "id": "minecraft:hay_block"
    },
    "title": "Galloping Into The Ol' Sunset",
    "description": "Find your first Epic Badlands Treasure!",
    "frame": "goal",
    "show_toast": true,
    "announce_to_chat": true,
    "hidden": false
  },
  "parent": "mt:treasure_advancements/first_rare_badlands_treasure",
  "criteria": {
    "obtainchest": {
      "trigger": "minecraft:player_generates_container_loot",
      "conditions": {
        "loot_table": "mt:chests/badlands/epic"}
    }
  }
}
