{
  "display": {
    "icon": {
      "id": "minecraft:warped_nylium"
    },
    "title": "Warped Wrap",
    "description": "Find your first Epic Warped Forest Treasure!",
    "frame": "goal",
    "show_toast": true,
    "announce_to_chat": true,
    "hidden": false
  },
  "parent": "mt:treasure_advancements/first_rare_warped_treasure",
  "criteria": {
    "obtainchest": {
      "trigger": "minecraft:player_generates_container_loot",
      "conditions": {
        "loot_table": "mt:chests/warped/epic"}
    }
  }
}
