{
  "display": {
    "icon": {
      "id": "minecraft:deepslate_copper_ore"
    },
    "title": "Conquering Mt. Everest",
    "description": "Find your first Epic Mountain Treasure!",
    "frame": "goal",
    "show_toast": true,
    "announce_to_chat": true,
    "hidden": false
  },
  "parent": "mt:treasure_advancements/first_rare_mountain_treasure",
  "criteria": {
    "obtainchest": {
      "trigger": "minecraft:player_generates_container_loot",
      "conditions": {
        "loot_table": "mt:chests/mountain/epic"}
    }
  }
}
