{
  "display": {
    "icon": {
      "id": "minecraft:wither_rose"
    },
    "title": "Is It Spring Already?",
    "description": "Find your first Epic Flower Treasure!",
    "frame": "goal",
    "show_toast": true,
    "announce_to_chat": true,
    "hidden": false
  },
  "parent": "mt:treasure_advancements/first_rare_flower_treasure",
  "criteria": {
    "obtainchest": {
      "trigger": "minecraft:player_generates_container_loot",
      "conditions": {
        "loot_table": "mt:chests/flower/epic"}
    }
  }
}
