{
  "display": {
    "icon": {
      "id": "minecraft:ender_eye"
    },
    "title": "Reversal of Causality",
    "description": "Use a Reverse Rune",
    "frame": "task",
    "show_toast": true,
    "announce_to_chat": true,
    "hidden": false
  },
  "parent": "mt:treasure_advancements/first_epic_warped_treasure",
  "criteria": {
    "requirement": {
      "trigger": "minecraft:consume_item",
      "conditions": {
        "item": {
          "predicates": {
  "minecraft:custom_data": "{rune:\"mt.reverse\"}"
      }        }
      }
    }
  }
}
