{
	"type": "minecraft:chest",
	"pools": [
		{
			"rolls": 1,
			"entries": [
				{
					"type": "minecraft:loot_table",
					"value": "yggdrasil:runic_labyrinth/key/normal",
					"weight": 5,
					"conditions": [
						{
							"condition": "minecraft:random_chance",
							"chance": 0.25
						}
					]
				},
				{
					"type": "minecraft:loot_table",
					"value": "yggdrasil:runic_labyrinth/key/ominous",
					"weight": 1,
					"conditions": [
						{
							"condition": "minecraft:random_chance",
							"chance": 0.25
						}
					]
				}
			]
		},
		{
			"rolls": {
				"type": "minecraft:uniform",
				"min": 4,
				"max": 7
			},
			"entries": [
				{
					"type": "minecraft:item",
					"name": "minecraft:totem_of_undying",
					"weight": 3
				},
				{
					"type": "minecraft:item",
					"name": "minecraft:golden_apple",
					"weight": 10,
					"functions": [
						{
							"function": "minecraft:set_count",
							"count": {
								"type": "minecraft:uniform",
								"min": 2,
								"max": 4
							}
						}
					]
				},
				{
					"type": "minecraft:item",
					"name": "minecraft:spectral_arrow",
					"weight": 12,
					"functions": [
						{
							"function": "minecraft:set_count",
							"count": {
								"type": "minecraft:uniform",
								"min": 16,
								"max": 32
							}
						}
					]
				},
				{
					"type": "minecraft:item",
					"name": "minecraft:potion",
					"weight": 8,
					"functions": [
						{
							"function": "minecraft:set_potion",
							"id": "minecraft:strong_healing"
						}
					]
				},
				{
					"type": "minecraft:item",
					"name": "minecraft:shield",
					"weight": 8,
					"functions": [
						{
							"function": "minecraft:enchant_with_levels",
							"levels": {
								"type": "minecraft:uniform",
								"min": 20,
								"max": 30
							}
						}
					]
				},
				{
					"type": "minecraft:item",
					"name": "minecraft:enchanted_golden_apple",
					"weight": 2
				}
			]
		}
	],
	"random_sequence": "yggdrasil:runic_labyrinth/reward"
}
