{
  "display": {
    "icon": {
      "id": "minecraft:firework_star"
    },
    "title": "GRENADE, GRENADE, GRENADADEEAE",
    "description": "Obtain a Grenade",
    "frame": "task",
    "show_toast": true,
    "announce_to_chat": true,
    "hidden": false
  },
  "parent": "mt:treasure_advancements/first_rare_badlands_treasure",
  "criteria": {
    "obtainchest": {
      "trigger": "minecraft:inventory_changed",
      "conditions": {
        "items": [
          {
            "items": [
              "minecraft:splash_potion"
            ],
            "predicates": {
              "minecraft:enchantments": [
                {
                  "enchantments": "mt:technical/grenade"
                }
              ]
            }
          }
        ]
      }
    }
  }
}