{
  "type": "minecraft:jigsaw",
  "biomes": "#ethrium:has_structure/catacombs",
  "step": "surface_structures",
  "terrain_adaptation": "none",
  "spawn_overrides": {
    "monster": {
      "bounding_box": "full",
      "spawns": [
        {
          "type": "minecraft:skeleton",
          "weight": 15,
          "minCount": 1,
          "maxCount": 2
        },
        {
          "type": "minecraft:stray",
          "weight": 5,
          "minCount": 1,
          "maxCount": 1
        }
      ]
    }
  },
  "start_pool": "ethrium:catacombs/starts",
  "size": 7,
  "start_height": {
    "absolute": 0
  },
  "project_start_to_heightmap": "WORLD_SURFACE_WG",
  "max_distance_from_center": 116,
  "use_expansion_hack": false
}