{
  "display": {
    "icon": {
      "id": "minecraft:end_portal_frame"
    },
    "title": "Pocket Dimension",
    "description": "Spawn a Portal Room",
    "frame": "task",
    "show_toast": true,
    "announce_to_chat": true,
    "hidden": true
  },
  "parent": "mt:treasure_advancements/first_legendary_dark_forest_treasure",
  "criteria": {
    "requirement": {
      "trigger": "minecraft:consume_item",
      "conditions": {
        "item": {
          "predicates": {
  "minecraft:custom_data": "{spawn:\"portal_room\"}"
      }        }
      }
    }
  }
}
