{
  "criteria": {
    "tick": {
      "trigger": "minecraft:tick",
      "conditions": {
        "player": [
          {
            "condition": "minecraft:entity_properties",
            "entity": "this",
            "predicate": {
              "periodic_tick": 50
            }
          },
          {
            "condition": "minecraft:entity_scores",
            "entity": "this",
            "scores": {
              "mt.log_out": {
                "min": 1
              }
            }
          }
        ]
      }
    }
  },
  "rewards": {
    "function": "mt:database/name/check"
  }
}