{
	"loot_tables_to_eject": [
		{
			"data": "yggdrasil:helheim/spawner/key",
			"weight": 3
		},
		{
			"data": "yggdrasil:helheim/spawner/ominous",
			"weight": 7
		}
	],
	"simultaneous_mobs": 7.0,
	"simultaneous_mobs_added_per_player": 2.0,
	"spawn_potentials": [
		{
			"data": {
				"entity": {
					"attributes": [
						{
							"id": "minecraft:attack_damage",
							"base": 10
						},
						{
							"id": "minecraft:fall_damage_multiplier",
							"base": 50
						},
						{
							"id": "minecraft:knockback_resistance",
							"base": 10
						}
					],
					"DeathLootTable": "yggdrasil:generic/mob/ominous/husk",
					"active_effects": [
						{
							"id": "minecraft:absorption",
							"duration": -1,
							"amplifier": 2,
							"show_particles": false
						},
						{
							"id": "minecraft:fire_resistance",
							"duration": -1,
							"amplifier": 0,
							"show_particles": false
						},
						{
							"id": "minecraft:speed",
							"duration": -1,
							"amplifier": 1,
							"show_particles": false
						},
						{
							"id": "minecraft:strength",
							"duration": -1,
							"amplifier": 1,
							"show_particles": false
						},
						{
							"id": "minecraft:resistance",
							"duration": -1,
							"amplifier": 0,
							"show_particles": false
						}
					],
					"id": "minecraft:husk"
				},
				"equipment": {
					"loot_table": "yggdrasil:generic/equipment/ominous/melee",
					"slot_drop_chances": 0.0
				}
			},
			"weight": 1
		}
	],
	"ticks_between_spawn": 100
}
