{
  "pools": [
    {
      "rolls": 1,
      "entries": [
        {
          "type": "minecraft:loot_table",
          "value": "eden:item/automaticons/iron/sword"
        },
        {
          "type": "minecraft:loot_table",
          "value": "eden:item/automaticons/iron/shovel"
        },
        {
          "type": "minecraft:loot_table",
          "value": "eden:item/automaticons/iron/pickaxe"
        },
        {
          "type": "minecraft:loot_table",
          "value": "eden:item/automaticons/iron/hoe"
        },
        {
          "type": "minecraft:loot_table",
          "value": "eden:item/automaticons/iron/axe"
        }
      ]
    }
  ]
}
