{
    "type": "minecraft:chest",
    "pools": [
      {
        "rolls": 4,
        "entries": [
          {
            "type": "minecraft:item",
            "name": "minecraft:sugar",
            "weight": 20,
            "functions": [
              {
                "function": "minecraft:set_count",
                "count": {
                  "type": "minecraft:uniform",
                  "min": 1,
                  "max": 4
                }
              }
            ]
          },
          {
            "type": "minecraft:item",
            "name": "minecraft:diorite",
            "weight": 1
          }
        ]
      }
    ]
  }