{
	"type": "minecraft:chest",
	"pools": [
		{
			"rolls": 1,
			"entries": [
				{
					"type": "minecraft:item",
					"name": "minecraft:amethyst_shard",
					"functions": [
						{
							"function": "minecraft:set_name",
							"entity": "this",
							"target": "item_name",
							"name": {
								"translate": "item.yggdrasil.asflors.rune_of_rupture",
								"fallback": "Rune of Rupture"
							}
						},
						{
							"function": "minecraft:set_attributes",
							"modifiers": [],
							"replace": true
						},
						{
							"function": "minecraft:set_components",
							"components": {
								"minecraft:rarity": "epic",
								"minecraft:enchantment_glint_override": true,
								"minecraft:custom_data": {
									"yggdrasil": {
										"id": "yggdrasil.asflors.treasure.rune_of_rupture"
									}
								}
							}
						},
						{
							"function": "minecraft:set_lore",
							"entity": "this",
							"lore": [
								{
									"translate": "item.yggdrasil.asflors.rune_of_rupture.lore1",
									"fallback": "Break space and time to get access",
									"color": "#a0a0a0",
									"bold": false,
									"italic": false,
									"underlined": false,
									"strikethrough": false,
									"obfuscated": false
								},
								{
									"translate": "item.yggdrasil.asflors.rune_of_rupture.lore2",
									"fallback": "to the place where i hid the secret",
									"color": "#a0a0a0",
									"bold": false,
									"italic": false,
									"underlined": false,
									"strikethrough": false,
									"obfuscated": false
								},
								{
									"text": ""
								},
								{
									"translate": "item.yggdrasil.quest_item.story",
									"fallback": "(Quest Item - Story)",
									"color": "#707070",
									"bold": false,
									"italic": false,
									"underlined": false,
									"strikethrough": false,
									"obfuscated": false
								},
								{
									"translate": "item.yggdrasil.runic_fracture.location",
									"fallback": "[Runic Fracture]",
									"color": "#e7e7e7",
									"bold": false,
									"italic": false,
									"underlined": false,
									"strikethrough": false,
									"obfuscated": false
								}
							],
							"mode": "replace_all"
						}
					]
				}
			]
		}
	],
	"random_sequence": "yggdrasil:asflors/treasure"
}
