{
  "display": {
    "icon": {
      "id": "minecraft:dolphin_spawn_egg"
    },
    "title": "Eee-ee-eee-ee-EEE-eee!",
    "description": "Eat stew from a Dolphin's Grace Cow",
    "frame": "task",
    "show_toast": true,
    "announce_to_chat": true,
    "hidden": false
  },
  "parent": "mt:treasure_advancements/first_legendary_mushroom_treasure",
  "criteria": {
    "requirement": {
      "trigger": "minecraft:consume_item",
      "conditions": {
        "item": {
          "items": "minecraft:suspicious_stew",
          "components": {
            "minecraft:suspicious_stew_effects": [
              {
                "id": "minecraft:dolphins_grace",
                "duration": 2001
              }
            ]
          }
        }
      }
    }
  }
}
