{
    "values": [
        "#minecraft:is_ocean",
        "#minecraft:has_structure/shipwreck",
        "minecraft:cold_ocean",
        "minecraft:deep_cold_ocean",
        "minecraft:warm_ocean",
        "minecraft:lukewarm_ocean",
        "minecraft:deep_lukewarm_ocean",
        "minecraft:ocean",
        "minecraft:deep_ocean",
        {
            "id": "cynic:ocean_trench",
            "required": false
        },
        {
            "id": "cynic:hydrothermal_vents",
            "required": false
        },
        {
            "id": "cynic:abyssal_plain",
            "required": false
        },
        {
            "id": "cynic:kelp_forest",
            "required": false
        },
        {
            "id": "cynic:sunken_forest",
            "required": false
        },
        {
            "id": "wilderwild:mesoglea_caves",
            "required": false
        }
    ]
}