{ 
	"values": [
	"minecraft:badlands",
	"minecraft:wooded_badlands",
	"minecraft:eroded_badlands",
	"#minecraft:is_badlands",
	{
		"id": "biomeswevegone:atacama_desert",
		"required": false
	},
	{
		"id": "biomeswevegone:sierra_badlands",
		"required": false
	},
	{
		"id": "biomeswevegone:red_rock_valley",
		"required": false
	},
	{
		"id": "biomeswevegone:red_rock_mountains",
		"required": false
	},
	{
		"id": "biomesoplenty:rocky_shrubland",
		"required": false
	},
	{
		"id": "biomesoplenty:scrubland",
		"required": false
	},
	{
		"id": "biomesoplenty:shrubland",
		"required": false
	},
	{
		"id": "biomesoplenty:wooded_scrubland",
		"required": false
	},
	{
		"id": "cynic:painted_badlands",
		"required": false
	},
	{
		"id": "cynic:badlands_caves",
		"required": false
	},
	{
		"id": "jermsy:red_desert",
		"required": false
	},
	{
		"id": "regions_unexplored:arid_mountains",
		"required": false
	},
	{
		"id": "regions_unexplored:outback",
		"required": false
	},
	{
		"id": "regions_unexplored:dry_bushland",
		"required": false
	},
	{
		"id": "regions_unexplored:prairie",
		"required": false
	},
	{
		"id": "regions_unexplored:wooded_arid_mountains",
		"required": false
	},  
	{
		"id": "terralith:hot_shrubland",
		"required": false
	},
	{
		"id": "terralith:arid_highlands",
		"required": false
	},
	{
		"id": "terralith:snowy_badlands",
		"required": false
	},
	{
		"id": "terralith:white_mesa",
		"required": false
	},
	{	
		"id":"terralith:ancient_sands",
		"required": false
	},
	{
		"id": "terralith:bryce_canyon",
		"required": false
	},
	{
		"id": "terralith:painted_mountains",
		"required": false
	},
	{
		"id": "terralith:red_oasis",
		"required": false
	},
	{
		"id": "terrestria:canyon",
		"required": false
	},
	{
		"id": "wythers:badlands_desert",
		"required": false
	},
	{
		"id": "wythers:kwongan_heath",
		"required": false
	},
	{
		"id": "wythers:outback_desert",
		"required": false
	},
	{
		"id": "wythers:red_desert",
		"required": false
	}
	]
}