{
    "values": [
        "minecraft:stony_peaks",
        "minecraft:frozen_peaks",
        "minecraft:jagged_peaks",
        "minecraft:grove",
        {
            "id": "biomeswevegone:skyris_vale",
            "required": false
        },
        {
            "id": "biomeswevegone:skyrise_vale",
            "required": false
        },
        {
            "id": "#clifftree:is_cliff",
            "required": false
        },
        { 
            "id": "terralith:emerald_peaks",
            "required": false
        },
        { 
            "id": "terralith:volcanic_peaks",
            "required": false
        },
        {
            "id": "terralith:skylands",
            "required": false
        },
        {
            "id": "terrestria:caldera",
            "required": false
        },
        {
            "id": "terrestria:volcanic_island",
            "required": false
        },
        {
            "id": "terrestria:hemlock_treeline",
            "required": false
        },
        {
            "id": "terrestria:snowy_hemlock_treeline",
            "required": false
        },
        {
            "id": "terrestria:windswept_redwood_forest",
            "required": false
        }

    ]
}