{
    "values": [
        "#minecraft:is_nether",
        "minecraft:nether_wastes",
        "minecraft:crimson_forest",
        "minecraft:warped_forest",
        "minecraft:soul_sand_valley",
        "minecraft:basalt_deltas",
        {
            "id": "an:wart_heap",
            "required": false
        },
        {
            "id": "an:crimson_plains",
            "required": false
        },
        {
            "id": "an:warped_plains",
            "required": false
        },
        {
            "id": "biomesoplenty:crystalline_chasm",
            "required": false
        },
        {
            "id": "biomesoplenty:erupting_inferno",
            "required": false
        },
        {
            "id": "biomesoplenty:undergrowth",
            "required": false
        },
        {
            "id": "biomesoplenty:visceral_heap",
            "required": false
        },
        {
            "id": "biomesoplenty:withered_abyss",
            "required": false
        },
        {
            "id": "cinderscapes:ashy_shoals",
            "required": false
        },
        {
            "id": "cinderscapes:blackstone_shales",
            "required": false
        },
        {
            "id": "cinderscapes:luminous_grove",
            "required": false
        },
        {
            "id": "cinderscapes:quartz_cavern",
            "required": false
        },
        {
            "id": "endercon:end_sky_islands",
            "required": false
        },
        {
            "id": "endercon:end_skies",
            "required": false
        },
        {
            "id": "endercon:end_hallows",
            "required": false
        },
        {
            "id": "endercon:end_depths",
            "required": false
        },
        {
            "id": "lavaflow:caves",
            "required": false
        },
        {
            "id": "lavaflow:ghost_forest",
            "required": false
        },
        {
            "id": "lavaflow:crimson_forest_layer",
            "required": false
        },
        {
            "id": "lavaflow:gravel_beach",
            "required": false
        },
        {
            "id": "lavaflow:nether_wastes_layer",
            "required": false
        },
        {
            "id": "lavaflow:ocean",
            "required": false
        },
        {
            "id": "lavaflow:old_growth_crimson_forest",
            "required": false
        },
        {
            "id": "lavaflow:old_growth_warped_forest",
            "required": false
        },
        {
            "id": "lavaflow:river",
            "required": false
        },
        {
            "id": "lavaflow:soul_sand_valley_river",
            "required": false
        },
        {
            "id": "lavaflow:warped_forest_layer",
            "required": false
        },
        {
            "id": "nullscape:crystal_peaks",
            "required": false
        },
        {
            "id": "nullscape:shadowlands",
            "required": false
        },
        {
            "id": "nullscape:void_barrens",
            "required": false
        },
        {
            "id": "promenade:dark_amaranth_forest",
            "required": false
        },
        {
            "id": "wythers:savanna_basaltic_incursions",
            "required": false
        }
    ]
}