{ 
	"values": [
		"minecraft:cherry_grove",
		{
			"id": "biomesoplenty:cherry_blossom_grove",
			"required": false
		},
		{
			"id": "biomeswevegone:sakura_grove",
			"required": false
		},
		{
            "id": "blooming_biosphere:snowy_cherry_grove",
            "required": false
        },
		{
            "id": "promenade:blush_sakura_grove",
            "required": false
        },
        {
            "id": "promenade:cotton_sakura_grove",
            "required": false
        },
		{
			"id": "regions_unexplored:cherry_hills",
			"required": false
		},
		{
			"id": "regions_unexplored:mauve_hills",
			"required": false
		},
		{
			"id": "terralith:sakura_grove",
			"required": false
		},
		{ 
			"id": "terralith:sakura_valley",
			"required": false
		},
		{ 
			"id": "terralith:snowy_cherry_grove",
			"required": false
		},    
		{
            "id": "terrestria:sakura_forest",
            "required": false
        },
		{
			"id": "wythers:sakura_forest",
			"required": false
		}
	]
}