{
  "display": {
    "icon": {
      "id": "minecraft:player_head",
      "components": {
        "minecraft:profile": {
          "properties": [
            {
              "name": "textures",
              "value": "eyJ0ZXh0dXJlcyI6eyJTS0lOIjp7InVybCI6Imh0dHA6Ly90ZXh0dXJlcy5taW5lY3JhZnQubmV0L3RleHR1cmUvZmMwMDM2ZWVkYmVjNzdiMjQzNzFiMzFjMDI5YzRmNGNlMWViMWNiNzFlYTgyNzlmYWE3YmY2ZDk4Yzc1ODJlZiJ9fX0="
            }
          ]
        }
      }
    },
    "title": {
      "text": "Thank You Very Much!"
    },
    "description": {
      "text": "Receive a gift from a grateful villager"
    },
    "show_toast": true,
    "announce_to_chat": true,
    "hidden": true
  },
  "parent": "minecraft:adventure/hero_of_the_village",
  "criteria": {
    "is_hero": {
      "trigger": "minecraft:hero_of_the_village",
      "conditions": {}
    },
    "receives_gift": {
      "trigger": "minecraft:thrown_item_picked_up_by_player",
      "conditions": {
        "entity": [
          {
            "condition": "minecraft:entity_properties",
            "entity": "this",
            "predicate": {
              "type": "minecraft:villager"
            }
          }
        ]
      }
    }
  },
  "requirements": [
    [
      "receives_gift"
    ],
    [
      "is_hero"
    ]
  ],
  "sends_telemetry_event": true
}
