{
  "display": {
    "icon": {
      "id": "minecraft:danger_pottery_sherd"
    },
    "title": "Hallelujah! It's Raining Drip!",
    "description": "Use a Dripstone Rune",
    "frame": "task",
    "show_toast": true,
    "announce_to_chat": true,
    "hidden": false
  },
  "parent": "mt:treasure_advancements/first_epic_dripstone_treasure",
  "criteria": {
    "requirement": {
      "trigger": "minecraft:consume_item",
      "conditions": {
        "item": {
          "predicates": {
  "minecraft:custom_data": "{rune:\"mt.dripstone\"}"
      }        }
      }
    }
  }
}
