{
  "display": {
    "icon": {
      "id": "minecraft:barrier"
    },
    "title": "The Floor Isn't Lava?",
    "description": "Place Floor is Spikes",
    "frame": "task",
    "show_toast": true,
    "announce_to_chat": true,
    "hidden": false
  },
  "parent": "mt:treasure_advancements/first_epic_dripstone_treasure",
  "criteria": {
    "requirement": {
      "trigger": "minecraft:item_used_on_block",
      "conditions": {
        "location": [
          {
            "condition": "minecraft:match_tool",
            "predicate": {
              "items": [
                "minecraft:armor_stand"
              ],
              "predicates": {
                "minecraft:custom_data": {
                  "mt.floor_is_spikes": 1
                }
              }
            }
          }
        ]
      }
    }
  }
}
