{
	"loot_tables_to_eject": [
		{
			"data": "yggdrasil:cubeoid/reward/trial_spawner/normal",
			"weight": 1
		}
	],
	"simultaneous_mobs": 4.0,
	"simultaneous_mobs_added_per_player": 3.0,
	"spawn_potentials": [
		{
			"data": {
				"entity": {
					"attributes": [
						{
							"id": "minecraft:attack_damage",
							"base": 12
						},
						{
							"id": "minecraft:fall_damage_multiplier",
							"base": 50
						},
						{
							"id": "minecraft:knockback_resistance",
							"base": 10
						},
						{
							"id": "minecraft:max_health",
							"base": 40
						}
					],
					"id": "minecraft:zombie"
				},
				"equipment": {
					"loot_table": "yggdrasil:generic/reward/ominous/equipement",
					"slot_drop_chances": 0.0
				}
			},
			"weight": 1
		},
		{
			"data": {
				"entity": {
					"attributes": [
						{
							"id": "minecraft:movement_speed",
							"base": 2
						},
						{
							"id": "minecraft:fall_damage_multiplier",
							"base": 50
						},
						{
							"id": "minecraft:knockback_resistance",
							"base": 10
						},
						{
							"id": "minecraft:max_health",
							"base": 40
						}
					],
					"id": "minecraft:bogged"
				},
				"equipment": {
					"loot_table": "yggdrasil:generic/reward/ominous/equipement",
					"slot_drop_chances": 0.0
				}
			},
			"weight": 1
		},
		{
			"data": {
				"entity": {
					"attributes": [
						{
							"id": "minecraft:attack_damage",
							"base": 10
						},
						{
							"id": "minecraft:fall_damage_multiplier",
							"base": 50
						},
						{
							"id": "minecraft:knockback_resistance",
							"base": 8
						},
						{
							"id": "minecraft:max_health",
							"base": 35
						}
					],
					"id": "minecraft:skeleton"
				},
				"equipment": {
					"loot_table": "yggdrasil:generic/reward/ominous/equipement",
					"slot_drop_chances": 0.0
				}
			},
			"weight": 1
		},
		{
			"data": {
				"entity": {
					"attributes": [
						{
							"id": "minecraft:attack_damage",
							"base": 14
						},
						{
							"id": "minecraft:fall_damage_multiplier",
							"base": 50
						},
						{
							"id": "minecraft:knockback_resistance",
							"base": 12
						},
						{
							"id": "minecraft:max_health",
							"base": 45
						}
					],
					"id": "minecraft:vindicator"
				},
				"equipment": {
					"loot_table": "yggdrasil:generic/reward/ominous/equipement",
					"slot_drop_chances": 0.0
				}
			},
			"weight": 1
		},
		{
			"data": {
				"entity": {
					"attributes": [
						{
							"id": "minecraft:movement_speed",
							"base": 1.8
						},
						{
							"id": "minecraft:fall_damage_multiplier",
							"base": 50
						},
						{
							"id": "minecraft:knockback_resistance",
							"base": 9
						},
						{
							"id": "minecraft:max_health",
							"base": 38
						}
					],
					"id": "minecraft:spider"
				},
				"equipment": {
					"loot_table": "yggdrasil:generic/reward/ominous/equipement",
					"slot_drop_chances": 0.0
				}
			},
			"weight": 1
		},
		{
			"data": {
				"entity": {
					"attributes": [
						{
							"id": "minecraft:attack_damage",
							"base": 13
						},
						{
							"id": "minecraft:fall_damage_multiplier",
							"base": 50
						},
						{
							"id": "minecraft:knockback_resistance",
							"base": 11
						},
						{
							"id": "minecraft:max_health",
							"base": 42
						}
					],
					"id": "minecraft:pillager"
				},
				"equipment": {
					"loot_table": "yggdrasil:generic/reward/ominous/equipement",
					"slot_drop_chances": 0.0
				}
			},
			"weight": 1
		},
		{
			"data": {
				"entity": {
					"attributes": [
						{
							"id": "minecraft:attack_damage",
							"base": 15
						},
						{
							"id": "minecraft:fall_damage_multiplier",
							"base": 50
						},
						{
							"id": "minecraft:knockback_resistance",
							"base": 13
						},
						{
							"id": "minecraft:max_health",
							"base": 48
						}
					],
					"id": "minecraft:ravager"
				},
				"equipment": {
					"loot_table": "yggdrasil:generic/reward/ominous/equipement",
					"slot_drop_chances": 0.0
				}
			},
			"weight": 1
		},
		{
			"data": {
				"entity": {
					"attributes": [
						{
							"id": "minecraft:movement_speed",
							"base": 1.6
						},
						{
							"id": "minecraft:fall_damage_multiplier",
							"base": 50
						},
						{
							"id": "minecraft:knockback_resistance",
							"base": 10
						},
						{
							"id": "minecraft:max_health",
							"base": 40
						}
					],
					"id": "minecraft:witch"
				},
				"equipment": {
					"loot_table": "yggdrasil:generic/reward/ominous/equipement",
					"slot_drop_chances": 0.0
				}
			},
			"weight": 1
		}
	],
	"ticks_between_spawn": 10
}
