{
  "display": {
    "icon": {
      "id": "minecraft:echo_shard",
      "components": {
        "minecraft:custom_model_data": {
          "floats": [
            6548002
          ]
        }
      }
    },
    "title": {
      "translate": "rrc.h-nigh.advancement.super_pact.title",
      "fallback": "An Unbinding Pact",
      "color": "black",
      "bold": true,
      "italic": true,
      "underlined": false,
      "strikethrough": false,
      "obfuscated": false
    },
    "description": {
      "translate": "rrc.h-nigh.advancement.super_pact.description",
      "fallback": "Participate in a Haunted Ritual activation.",
      "bold": false,
      "italic": true,
      "underlined": false,
      "strikethrough": false,
      "obfuscated": false
    },
    "frame": "goal",
    "show_toast": true,
    "announce_to_chat": false,
    "hidden": true
  },
  "parent": "h-nigh:ritual/great_infusion",
  "criteria": {
    "h-nigh:super_pact": {
      "trigger": "minecraft:impossible"
    }
  }
}
