{
  "display": {
    "icon": {
      "id": "minecraft:echo_shard",
      "components": {
        "minecraft:custom_model_data": {
          "floats": [
            6548001
          ]
        }
      }
    },
    "title": {
      "translate": "rrc.h-nigh.advancement.ritual.weaker_pact.title",
      "fallback": "A Weaker Pact",
      "color": "red",
      "bold": true,
      "italic": true,
      "underlined": false,
      "strikethrough": false,
      "obfuscated": false
    },
    "description": {
      "translate": "rrc.h-nigh.advancement.ritual.weaker_pact.description",
      "fallback": "Participate in a Bunk Haunted Ritual activation.",
      "bold": false,
      "italic": true,
      "underlined": false,
      "strikethrough": false,
      "obfuscated": false
    },
    "frame": "goal",
    "show_toast": true,
    "announce_to_chat": false,
    "hidden": true
  },
  "parent": "h-nigh:ritual/low_quality_haunting",
  "criteria": {
    "h-nigh:weaker_pact": {
      "trigger": "minecraft:impossible"
    }
  }
}
