{
  "display": {
    "icon": {
      "id": "minecraft:sandstone_wall"
    },
    "title": "Portable Temple Chest",
    "description": "Open Desert Temple loot from an Epic Chest",
    "frame": "task",
    "show_toast": true,
    "announce_to_chat": true,
    "hidden": false
  },
  "parent": "mt:treasure_advancements/first_epic_desert_treasure",
  "criteria": {
    "obtainchest": {
      "trigger": "minecraft:player_generates_container_loot",
      "conditions": {
        "loot_table": "mt:chests/desert/desert_pyramid"
      }
    }
  }
}
