{
    "pools": [
      {
        "rolls": 1,
        "entries": [
          {
            "type": "minecraft:item",
            "name": "minecraft:dried_kelp",
            "functions": [
              {
                "function": "minecraft:set_components",
                "components": {
                    "minecraft:enchantment_glint_override": true,
                    "minecraft:max_stack_size": 99,
                    "minecraft:food": {
                      "nutrition": 2,
                      "saturation": 2,
                      "can_always_eat": true
                    },
                    "minecraft:consumable": {
                      "consume_seconds": 2,
                      "sound": "entity.generic.eat",
                      "has_consume_particles": false,
                      "on_consume_effects": [
                        {
                          "type": "minecraft:apply_effects",
                          "effects": [
                            {
                              "id": "minecraft:strength",
                              "amplifier": 1,
                              "duration": 80
                            },
                            {
                              "id": "minecraft:speed",
                              "amplifier": 1,
                              "duration": 80
                            }
                          ],
                          "probability": 1
                        }
                      ]
                    },
                    "minecraft:lore": [
                      {
                        "text": "Gives Strength II",
                        "color": "gray",
                        "italic": false
                      },
                      {
                        "text": "and Speed II or 4s ",
                        "color": "gray",
                        "italic": false
                      }
                    ],                    
                    "minecraft:custom_data": {
                      "food": "dark_meat"
                    }
                }
              },
              {
                "function": "minecraft:set_name",
                "name": [
                  {
                    "text": "Dark Meat",
                    "color": "aqua",
                    "italic": false
                  }
                ]
              }
            ]
          }
        ]
      }
    ],
    "functions": []
  }