{
    "pools": [
      {
        "rolls": 1,
        "entries": [
          {
            "type": "item",
            "weight": 2,
            "name": "minecraft:honey_bottle",
            "functions": [
              {
                "function": "minecraft:set_components",
                "components": {
                  "minecraft:enchantment_glint_override": true,
                  "minecraft:item_name": {
                    "text": "Juicy Experience Drink",
                    "color": "gold",
                    "italic": false
                  },                  
                  "minecraft:custom_data": {
                    "food": "xp_juice"
                  }
                }
              },
              {
                "function": "set_lore",
                "lore": [
                  {
                    "text": "This bottle gives 500 ",
                    "color": "gray",
                    "italic": false
                  },
                  {
                    "text": "experience when consumed. ",
                    "color": "gray",
                    "italic": false
                  }
                ],
                "mode": "replace_all"
              }
            ]
          }
        ]
      }
    ],
    "functions": []
  }