{
    "pools": [
      {
        "rolls": 1,
        "entries": [
          {
            "type": "minecraft:item",
            "name": "minecraft:echo_shard",
            "weight": 1,
            "functions": [
              {
                "function": "minecraft:set_enchantments",
                "enchantments": {
                "mt:weapons/warden_killer": 1
                }
              },
              {
                "function": "minecraft:set_components",
                "components": {
                  "minecraft:enchantment_glint_override": true,
                  "minecraft:custom_data": {
                    "weapon": "mt.warden_killer"
                  }
                }
              },
              {
                "function": "set_name",
                "name": [
                  {
                    "text": "Echoing Scream",
                    "color": "aqua",
                    "italic": false
                  }
                ]
              },
              {
                "function": "set_lore",
                "lore": [
                  {
                    "text": " ",
                    "color": "green",
                    "italic": false
                  },
                  {
                    "text": "Ability:",
                    "color": "green",
                    "italic": false
                  },
                  {
                    "text": "Instantly kills a Warden ",
                    "color": "gray",
                    "italic": false
                  },
                  {
                    "text": "on a direct hit. One use. ",
                    "color": "gray",
                    "italic": false
                  }
                ],
                "mode": "replace_all"
              }
            ]
          }
        ]
      }
    ],
    "functions": []
  }