{
  "type": "minecraft:block",
  "pools": [
    {
      "rolls": 1,
      "entries": [
        {
          "type": "minecraft:item",
          "name": "minecraft:spawner",
          "conditions": [
            {
              "condition": "minecraft:value_check",
              "value": {
                "type": "minecraft:score",
                "target": {
                  "type": "minecraft:fixed",
                  "name": "&break_spawner_pickaxe"
                },
                "score": "config.mineablespawner"
              },
              "range": 1
            },
            {
              "condition": "minecraft:match_tool",
              "predicate": {
                "items": "#minecraft:pickaxes"
              }
            }
          ]
        },
        {
          "type": "minecraft:item",
          "name": "minecraft:spawner",
          "conditions": [
            {
              "condition": "minecraft:value_check",
              "value": {
                "type": "minecraft:score",
                "target": {
                  "type": "minecraft:fixed",
                  "name": "&break_spawner_silktouch"
                },
                "score": "config.mineablespawner"
              },
              "range": 1
            },
            {
              "condition": "minecraft:match_tool",
              "predicate": {
                "items": "#minecraft:pickaxes",
                "components": {
                  "minecraft:enchantments": {
                    "minecraft:silk_touch": 1
                  }
                }
              }
            }
          ]
        }
      ]
    }
  ]
}