{
    "display": {
      "icon": {
        "id": "minecraft:blaze_rod",
        "components": {
          "minecraft:enchantments": {
            "minecraft:fire_aspect": 1
          }
        }
      },
      "title": {
      "translate": "advancement.kattersstructures.raj_lightning_rod_title",
      "fallback": "You've been ... Thunderstruck!"
    },
    "description": {
      "translate": "advancement.kattersstructures.raj_lightning_rod_description",
      "fallback": "Bring the house down (literally) by defeating Raj Raksha and claiming his lightning-charged scepter."
    },
      "frame": "goal",
      "show_toast": true,
      "announce_to_chat": true,
      "hidden": true
    },
    "parent": "kattersstructures:dungeon/raj",
    "criteria": {
      "requirement": {
        "trigger": "minecraft:inventory_changed",
        "conditions": {
          "player": [
            {
              "condition": "minecraft:entity_properties",
              "entity": "this",
              "predicate": {}
            }
          ],
          "items": [
            {
              "items": "minecraft:blaze_rod",
              "components": {
                "minecraft:item_name": {bold:false,color:"white",italic:false,text:"Raj's Lightning Rod"}
              }
            }
          ]
        }
      }
    }
  }
  