{
  "sea_level": 128,
  "disable_mob_generation": false,
  "aquifers_enabled": true,
  "ore_veins_enabled": true,
  "legacy_random_source": true,
  "default_block": {
    "Name": "minecraft:sandstone"
  },
  "default_fluid": {
    "Name": "minecraft:water",
    "Properties": {
      "level": "0"
    }
  },
  "noise": {
    "min_y": 0,
    "height": 128,
    "size_horizontal": 4,
    "size_vertical": 1
  },
  "noise_router": {
    "barrier": 1,
    "fluid_level_floodedness": 0,
    "fluid_level_spread": 0,
    "lava": 0,
    "temperature": {
      "type": "minecraft:shifted_noise",
      "noise": "minecraft:temperature",
      "xz_scale": 0.25,
      "y_scale": 0,
      "shift_x": "minecraft:shift_x",
      "shift_y": 0,
      "shift_z": "minecraft:shift_z"
    },
    "vegetation": {
      "type": "minecraft:shifted_noise",
      "noise": "minecraft:vegetation",
      "xz_scale": 0.5,
      "y_scale": 0,
      "shift_x": "minecraft:shift_x",
      "shift_y": 0,
      "shift_z": "minecraft:shift_z"
    },
    "continents": 0,
    "erosion": 0,
    "depth": 0,
    "ridges": 0,
    "initial_density_without_jaggedness": 0,
    "final_density": {
      "type": "minecraft:squeeze",
      "argument": {
        "type": "minecraft:mul",
        "argument1": 0.6,
        "argument2": {
          "type": "minecraft:interpolated",
          "argument": {
            "type": "minecraft:blend_density",
            "argument": {
              "type": "minecraft:add",
              "argument1": 2.8,
              "argument2": {
                "type": "minecraft:mul",
                "argument1": {
                  "type": "minecraft:y_clamped_gradient",
                  "from_y": -8,
                  "to_y": 24,
                  "from_value": 0,
                  "to_value": 1
                },
                "argument2": {
                  "type": "minecraft:add",
                  "argument1": -2,
                  "argument2": {
                    "type": "minecraft:add",
                    "argument1": 0.2,
                    "argument2": {
                      "type": "minecraft:mul",
                      "argument1": {
                        "type": "minecraft:y_clamped_gradient",
                        "from_y": 104,
                        "to_y": 128,
                        "from_value": 1,
                        "to_value": 0
                      },
                      "argument2": {
                        "type": "minecraft:add",
                        "argument1": -1,
                        "argument2": "minecraft:nether/base_3d_noise"
                      }
                    }
                  }
                }
              }
            }
          }
        }
      }
    },
    "vein_toggle": 0,
    "vein_ridged": 0,
    "vein_gap": 0
  },
  "spawn_target": [],
  "surface_rule": {
    "type": "minecraft:sequence",
    "sequence": [
      {
        "type": "minecraft:condition",
        "if_true": {
          "type": "minecraft:vertical_gradient",
          "random_name": "minecraft:bedrock_floor",
          "true_at_and_below": {
            "above_bottom": 0
          },
          "false_at_and_above": {
            "above_bottom": 5
          }
        },
        "then_run": {
          "type": "minecraft:block",
          "result_state": {
            "Name": "minecraft:bedrock"
          }
        }
      },
      {
        "type": "minecraft:condition",
        "if_true": {
          "type": "minecraft:not",
          "invert": {
            "type": "minecraft:vertical_gradient",
            "random_name": "minecraft:bedrock_roof",
            "true_at_and_below": {
              "below_top": 5
            },
            "false_at_and_above": {
              "below_top": 0
            }
          }
        },
        "then_run": {
          "type": "minecraft:block",
          "result_state": {
            "Name": "minecraft:bedrock"
          }
        }
      },
      {
        "type": "minecraft:condition",
        "if_true": {
          "type": "minecraft:stone_depth",
          "offset": 0,
          "surface_type": "ceiling",
          "add_surface_depth": false,
          "secondary_depth_range": 0
        },
        "then_run": {
          "type": "minecraft:block",
          "result_state": {
            "Name": "minecraft:sandstone"
          }
        }
      },
      {
        "type": "minecraft:condition",
        "if_true": {
          "type": "minecraft:biome",
          "biome_is": [
            "kattersstructures:dark_chasm"
          ]
        },
        "then_run": {
          "type": "minecraft:condition",
          "if_true": {
            "type": "minecraft:vertical_gradient",
            "random_name": "corals",
            "true_at_and_below": {
              "absolute": 0
            },
            "false_at_and_above": {
              "below_top": 0
            }
          },
          "then_run": {
            "type": "minecraft:block",
            "result_state": {
              "Name": "minecraft:dead_brain_coral_block"
            }
          }
        }
      },
      {
        "type": "minecraft:condition",
        "if_true": {
          "type": "minecraft:biome",
          "biome_is": [
            "kattersstructures:dark_chasm"
          ]
        },
        "then_run": {
          "type": "minecraft:condition",
          "if_true": {
            "type": "minecraft:not",
            "invert": {
              "type": "minecraft:vertical_gradient",
              "random_name": "corals",
              "true_at_and_below": {
                "absolute": 0
              },
              "false_at_and_above": {
                "absolute": 0
              }
            }
          },
          "then_run": {
            "type": "minecraft:block",
            "result_state": {
              "Name": "minecraft:dead_bubble_coral_block"
            }
          }
        }
      },
      {
        "type": "minecraft:condition",
        "if_true": {
          "type": "minecraft:biome",
          "biome_is": [
            "kattersstructures:deep_blue_plains",
            "kattersstructures:coralis"
          ]
        },
        "then_run": {
          "type": "minecraft:condition",
          "if_true": {
            "type": "minecraft:vertical_gradient",
            "random_name": "sand",
            "true_at_and_below": {
              "absolute": 0
            },
            "false_at_and_above": {
              "below_top": 0
            }
          },
          "then_run": {
            "type": "minecraft:block",
            "result_state": {
              "Name": "minecraft:sand"
            }
          }
        }
      }
    ]
  }
}