{
  "pools": [
    {
      "rolls": 1,
      "entries": [
        {
          "type": "minecraft:item",
          "name": "minecraft:blaze_rod",
          "functions": [
            {
              "function": "minecraft:set_count",
              "count": 1
            },
            {
              "function": "minecraft:enchant_randomly",
              "options": "kattersstructures:enlightning"
            },
            {
              "function": "minecraft:set_components",
              "components": {
                "minecraft:item_name": {bold:false,color:"white",italic:false,text:"Enlightning Rod"},
                "minecraft:max_stack_size": 1,
                "minecraft:max_damage": 5,
                "minecraft:damage": 1
              }
            }
          ]
        }
      ]
    }
  ]
}
