{
	"loot_tables_to_eject": [
		{
			"data": "yggdrasil:generic/reward/normal/trial",
			"weight": 3
		},
		{
			"data": "yggdrasil:generic/reward/normal/equipement",
			"weight": 4
		}
	],
	"simultaneous_mobs": 6.0,
	"simultaneous_mobs_added_per_player": 3.0,
	"spawn_potentials": [
		{
			"data": {
				"entity": {
					"attributes": [
						{
							"id": "minecraft:attack_damage",
							"base": 4
						},
						{
							"id": "minecraft:knockback_resistance",
							"base": 10
						}
					],
					"DeathLootTable": "yggdrasil:generic/mob/normal/spider",
					"id": "minecraft:spider"
				}
			},
			"weight": 1
		}
	],
	"ticks_between_spawn": 40
}
