{
	"type": "yggdrasil:ginnungagap",
	"generator": {
		"type": "minecraft:flat",
		"settings": {
			"biome": "yggdrasil:ginnungagap",
			"lakes": false,
			"features": false,
			"layers": [
				{
					"block": "minecraft:white_concrete",
					"height": 100
				},
				{
					"block": "minecraft:black_concrete",
					"height": 100
				}
			],
			"structure_overrides": [
				"yggdrasil:runic_fracture",
				"yggdrasil:runic_labyrinth",
				"yggdrasil:runic_alfheim_tree",
				"yggdrasil:cubeoid"
			]
		}
	}
}
