{
	"type": "minecraft:chest",
	"pools": [
		{
			"rolls": 1,
			"entries": [
				{
					"type": "minecraft:loot_table",
					"value": "yggdrasil:helheim/key/normal",
					"weight": 1,
					"conditions": [
						{
							"condition": "minecraft:random_chance",
							"chance": 0.25
						}
					]
				}
			]
		},
		{
			"rolls": 1,
			"entries": [
				{
					"type": "minecraft:loot_table",
					"value": "yggdrasil:helheim/reward/shared/lore",
					"conditions": [
						{
							"condition": "minecraft:random_chance",
							"chance": 0.1
						}
					]
				}
			]
		},
		{
			"rolls": 1,
			"entries": [
				{
					"type": "minecraft:loot_table",
					"value": "yggdrasil:helheim/reward/shared/deepslate"
				}
			]
		},
		{
			"rolls": 1,
			"entries": [
				{
					"type": "minecraft:loot_table",
					"value": "yggdrasil:helheim/reward/shared/enchantment"
				},
				{
					"type": "minecraft:loot_table",
					"value": "yggdrasil:helheim/reward/shared/common"
				}
			]
		}
	],
	"random_sequence": "yggdrasil:helheim/chest"
}
