{
  "processors": [
    {
      "processor_type": "minecraft:rule",
      "rules": [
        {
          "location_predicate": {
            "predicate_type": "minecraft:always_true"
          },
          "input_predicate": {
            "predicate_type": "minecraft:random_block_match",
            "block": "minecraft:chipped_anvil",
            "probability": 0.5
          },
          "output_state": {
            "Name": "minecraft:air"
          }
        },
        {
          "location_predicate": {
            "predicate_type": "minecraft:always_true"
          },
          "input_predicate": {
            "predicate_type": "minecraft:random_block_match",
            "block": "minecraft:chipped_anvil",
            "probability": 0.5
          },
          "output_state": {
            "Name": "minecraft:air"
          }
        },
        {
          "location_predicate": {
            "predicate_type": "minecraft:always_true"
          },
          "input_predicate": {
            "predicate_type": "minecraft:random_block_match",
            "block": "minecraft:smithing_table",
            "probability": 0.5
          },
          "output_state": {
            "Name": "minecraft:grindstone",
            "Properties": {
              "face": "floor",
              "facing": "north"
            }
          }
        },
        {
          "location_predicate": {
            "predicate_type": "minecraft:always_true"
          },
          "input_predicate": {
            "predicate_type": "minecraft:random_block_match",
            "block": "minecraft:coarse_dirt",
            "probability": 0.2
          },
          "output_state": {
            "Name": "minecraft:dirt_path"
          }
        },
        {
          "location_predicate": {
            "predicate_type": "minecraft:always_true"
          },
          "input_predicate": {
            "predicate_type": "minecraft:random_block_match",
            "block": "minecraft:coarse_dirt",
            "probability": 0.2
          },
          "output_state": {
            "Name": "minecraft:grass_block"
          }
        },
        {
          "location_predicate": {
            "predicate_type": "minecraft:always_true"
          },
          "input_predicate": {
            "predicate_type": "minecraft:random_block_match",
            "block": "minecraft:dirt_path",
            "probability": 0.2
          },
          "output_state": {
            "Name": "minecraft:coarse_dirt"
          }
        },
        {
          "location_predicate": {
            "predicate_type": "minecraft:always_true"
          },
          "input_predicate": {
            "predicate_type": "minecraft:random_block_match",
            "block": "minecraft:emerald_block",
            "probability": 0.75
          },
          "output_state": {
            "Name": "minecraft:air"
          }
        },
        {
          "location_predicate": {
            "predicate_type": "minecraft:always_true"
          },
          "input_predicate": {
            "predicate_type": "minecraft:random_block_match",
            "block": "minecraft:potted_dandelion",
            "probability": 0.3
          },
          "output_state": {
            "Name": "minecraft:air"
          }
        },
        {
          "location_predicate": {
            "predicate_type": "minecraft:always_true"
          },
          "input_predicate": {
            "predicate_type": "minecraft:random_block_match",
            "block": "minecraft:potted_dandelion",
            "probability": 0.2
          },
          "output_state": {
            "Name": "minecraft:potted_flowering_azalea_bush"
          }
        },
        {
          "location_predicate": {
            "predicate_type": "minecraft:always_true"
          },
          "input_predicate": {
            "predicate_type": "minecraft:random_block_match",
            "block": "minecraft:potted_dandelion",
            "probability": 0.1
          },
          "output_state": {
            "Name": "minecraft:potted_allium"
          }
        },
        {
          "location_predicate": {
            "predicate_type": "minecraft:always_true"
          },
          "input_predicate": {
            "predicate_type": "minecraft:random_block_match",
            "block": "minecraft:potted_dandelion",
            "probability": 0.2
          },
          "output_state": {
            "Name": "minecraft:potted_oxeye_daisy"
          }
        },
        {
          "location_predicate": {
            "predicate_type": "minecraft:always_true"
          },
          "input_predicate": {
            "predicate_type": "minecraft:random_block_match",
            "block": "minecraft:potted_dandelion",
            "probability": 0.1
          },
          "output_state": {
            "Name": "minecraft:medium_amethyst_bud",
            "Properties": {
              "facing": "up",
              "waterlogged": "false"
            }
          }
        },
        {
          "location_predicate": {
            "predicate_type": "minecraft:always_true"
          },
          "input_predicate": {
            "predicate_type": "minecraft:random_block_match",
            "block": "minecraft:potted_dandelion",
            "probability": 0.2
          },
          "output_state": {
            "Name": "minecraft:potted_oak_sapling"
          }
        },
        {
          "location_predicate": {
            "predicate_type": "minecraft:always_true"
          },
          "input_predicate": {
            "predicate_type": "minecraft:random_block_match",
            "block": "minecraft:potted_dandelion",
            "probability": 0.1
          },
          "output_state": {
            "Name": "minecraft:potted_white_tulip"
          }
        },
        {
          "location_predicate": {
            "predicate_type": "minecraft:always_true"
          },
          "input_predicate": {
            "predicate_type": "minecraft:random_block_match",
            "block": "minecraft:potted_dandelion",
            "probability": 0.1
          },
          "output_state": {
            "Name": "candle",
            "Properties": {
              "candles": "1",
              "lit": "true",
              "waterlogged": "false"
            }
          }
        },
        {
          "location_predicate": {
            "predicate_type": "minecraft:always_true"
          },
          "input_predicate": {
            "predicate_type": "minecraft:random_block_match",
            "block": "minecraft:potted_dandelion",
            "probability": 0.1
          },
          "output_state": {
            "Name": "candle",
            "Properties": {
              "candles": "2",
              "lit": "true",
              "waterlogged": "false"
            }
          }
        },
        {
          "location_predicate": {
            "predicate_type": "minecraft:always_true"
          },
          "input_predicate": {
            "predicate_type": "minecraft:random_block_match",
            "block": "minecraft:potted_dandelion",
            "probability": 0.1
          },
          "output_state": {
            "Name": "candle",
            "Properties": {
              "candles": "3",
              "lit": "true",
              "waterlogged": "false"
            }
          }
        },
        {
          "location_predicate": {
            "predicate_type": "minecraft:always_true"
          },
          "input_predicate": {
            "predicate_type": "minecraft:random_block_match",
            "block": "minecraft:potted_dandelion",
            "probability": 0.1
          },
          "output_state": {
            "Name": "candle",
            "Properties": {
              "candles": "4",
              "lit": "true",
              "waterlogged": "false"
            }
          }
        }
      ]
    }
  ]
}