{
    "placement": {
        "type": "minecraft:random_spread",
        "spacing": 20,
        "separation": 16,
        "salt": 107557358,
        "spread_type": "triangular",
        "exclusion_zone": {
            "other_set": "minecraft:villages",
            "chunk_count": 10
        }
    },
    "structures": [
    {
        "structure": "kattersstructures:graveyard",
        "weight": 1
    },{
        "structure": "kattersstructures:ruined_village",
        "weight": 10
    },{
        "structure": "kattersstructures:windmill",
        "weight": 1
    },{
        "structure": "kattersstructures:witch_circle",
        "weight": 10
    },{
        "structure": "kattersstructures:trader_outposts",
        "weight": 10
    },{
        "structure": "kattersstructures:deep_blue_lab_ruin",
        "weight": 5
    },{
        "structure": "kattersstructures:skyhold",
        "weight": 1
    }
    ]
}