{
    "placement": {
        "type": "minecraft:random_spread",
        "spacing": 100,
        "separation": 90,
        "salt": 69881848956,
        "spread_type": "triangular",
        "exclusion_zone": {
            "other_set": "kattersstructures:villages",
            "chunk_count": 10
        }
    },
    "structures": [{
        "structure": "kattersstructures:spider_den",
        "weight": 1
    },{
        "structure": "kattersstructures:magic_tower",
        "weight": 1
    }]
}