{
	"placement": {
		"type": "minecraft:random_spread",
		"spacing": 35,
		"separation": 34,
		"salt": 2045093513,
		"spread_type": "triangular",
		"frequency_reduction_method": "default",
		"frequency": 0.6
	},
	"structures": [
		{
			"structure": "kattersstructures:sky_dungeon",
			"weight": 1
		},
		{
			"structure": "kattersstructures:skyrtle",
			"weight": 1
		},
		{
			"structure": "kattersstructures:village_sky",
			"weight": 10
		},
		{
			"structure": "kattersstructures:sky_decor",
			"weight": 20
		}
	]
}