{
	"pools": [
		{
			"rolls": 5,
			"bonus_rolls": 2,
			"entries": [
				{
					"type": "minecraft:item",
					"weight": 10,
					"name": "minecraft:carrot",
					"functions": [
						{
							"function": "minecraft:set_count",
							"count": {
								"min": 1,
								"max": 5
							}
						}
					]
				},
				{
					"type": "minecraft:item",
					"weight": 9,
					"name": "minecraft:bread",
					"functions": [
						{
							"function": "minecraft:set_count",
							"count": {
								"min": 1,
								"max": 5
							}
						}
					]
				},
				{
					"type": "minecraft:item",
					"weight": 9,
					"name": "minecraft:baked_potato",
					"functions": [
						{
							"function": "minecraft:set_count",
							"count": {
								"min": 1,
								"max": 5
							}
						}
					]
				},
				{
					"type": "minecraft:item",
					"weight": 7,
					"name": "minecraft:beetroot_soup",
					"functions": [
						{
							"function": "minecraft:set_count",
							"count": {
								"min": 1,
								"max": 2
							}
						}
					]
				},
				{
					"type": "minecraft:item",
					"weight": 10,
					"name": "minecraft:string",
					"functions": [
						{
							"function": "minecraft:set_count",
							"count": {
								"min": 1,
								"max": 3
							}
						}
					]
				},
				{
					"type": "minecraft:item",
					"weight": 2,
					"name": "minecraft:cobweb",
					"functions": [
						{
							"function": "minecraft:set_count",
							"count": {
								"min": 1,
								"max": 2
							}
						}
					]
				},
				{
					"type": "minecraft:item",
					"weight": 2,
					"name": "minecraft:compass",
					"functions": [
						{
							"function": "minecraft:set_count",
							"count": {
								"min": 1,
								"max": 2
							}
						}
					]
				},
				{
					"type": "minecraft:item",
					"weight": 2,
					"name": "minecraft:clock",
					"functions": [
						{
							"function": "minecraft:set_count",
							"count": {
								"min": 1,
								"max": 2
							}
						}
					]
				}
			]
		},
    {
      "rolls": 1,
      "entries": [
        {
          "type": "minecraft:item",
          "name": "minecraft:map",
          "weight": 5,
          "functions": [
            {
              "function": "minecraft:set_count",
              "count": 1
            },
            {
              "function": "minecraft:exploration_map",
              "destination": "kattersstructures:village",
              "decoration": "village_plains",
              "zoom": 1,
              "skip_existing_chunks": true
            },
            {
              "function": "minecraft:set_name",
              "entity": "this",
              "target": "custom_name",
              "name": "Village Map"
            },
            {
              "function": "minecraft:set_lore",
              "entity": "this",
              "lore": [
                {
                  "text": "Shows the location of a Katters Structure Village"
                }
              ],
              "mode": "insert"
            }
          ]
        },
        {
          "type": "minecraft:item",
          "name": "minecraft:map",
          "weight": 1,
          "functions": [
            {
              "function": "minecraft:set_count",
              "count": 1
            },
            {
              "function": "minecraft:exploration_map",
              "destination": "kattersstructures:villager",
              "decoration": "monument",
              "zoom": 1,
              "skip_existing_chunks": true
            },
            {
              "function": "minecraft:set_name",
              "entity": "this",
              "target": "custom_name",
              "name": "Villager Map"
            },
            {
              "function": "minecraft:set_lore",
              "entity": "this",
              "lore": [
                {
                  "text": "Shows the location of a Katters Structure Villager Statue"
                }
              ],
              "mode": "insert"
            }
          ]
        },
        {
          "type": "minecraft:item",
          "name": "minecraft:map",
          "weight": 1,
          "functions": [
            {
              "function": "minecraft:set_count",
              "count": 1
            },
            {
              "function": "minecraft:exploration_map",
              "destination": "kattersstructures:dungeon",
              "decoration": "target_x",
              "zoom": 1,
              "skip_existing_chunks": true
            },
            {
              "function": "minecraft:set_name",
              "entity": "this",
              "target": "custom_name",
              "name": "Dungeon Map"
            },
            {
              "function": "minecraft:set_lore",
              "entity": "this",
              "lore": [
                {
                  "text": "Shows the location of a Katters Structure Dungeon"
                }
              ],
              "mode": "insert"
            }
          ]
        }
      ]
    }
	]
}