{
    "biomes": "kattersstructures:deep_blue_plains",
    "spawn_overrides": {
        "creature": {
            "bounding_box": "full",
            "spawns": [
            {
                "type": "minecraft:iron_golem",
                "weight": 1,
                "minCount": 1,
                "maxCount": 1
            }
            ]
        },
        "monster": {
            "bounding_box": "full",
            "spawns": []
        }
    },
    "type": "minecraft:jigsaw",
    "start_pool": "kattersstructures:deep_blue_city/main_01",
    "size": 10,
    "step": "surface_structures",
    "start_height": {
        "type": "minecraft:biased_to_bottom",
        "min_inclusive": {
          "absolute": 20
        },
          "max_inclusive": {
          "absolute": 100
        }
    },
    "max_distance_from_center": 120,
    "terrain_adaptation": "none",
    "use_expansion_hack": false,
    "liquid_settings": "ignore_waterlogging"
}