{
    "biomes": "minecraft:dark_forest",
    "spawn_overrides": {
        "creature": {
            "bounding_box": "full",
            "spawns": []
        },
        "monster": {
            "bounding_box": "full",
            "spawns": [
                {
                    "type": "minecraft:pillager",
                    "weight": 10,
                    "maxCount": 2,
                    "minCount": 1
                },{
                    "type": "minecraft:vindicator",
                    "weight": 8,
                    "maxCount": 2,
                    "minCount": 1
                },{
                    "type": "minecraft:evoker",
                    "weight": 1,
                    "maxCount": 1,
                    "minCount": 1
                }
            ]
        }
    },
    "type": "minecraft:jigsaw",
    "start_pool": "kattersstructures:magic_tower/part_2",
    "size": 7,
    "step": "surface_structures",
    "start_height": {
        "absolute": 25
    },
    "project_start_to_heightmap": "WORLD_SURFACE_WG",
    "max_distance_from_center": 116,
    "terrain_adaptation": "none",
    "use_expansion_hack": false,
    "liquid_settings": "ignore_waterlogging"
}