{
  "fallback": "ethrium:catacombs/terminators",
  "elements": [
    {
      "weight": 1,
      "element": {
        "element_type": "minecraft:single_pool_element",
        "projection": "rigid",
        "location": "ethrium:catacombs/rooms/room_01",
        "processors": "ethrium:catacombs"
      }
    },
    {
      "weight": 1,
      "element": {
        "element_type": "minecraft:single_pool_element",
        "projection": "rigid",
        "location": "ethrium:catacombs/rooms/room_02",
        "processors": "ethrium:catacombs"
      }
    },
    {
      "weight": 1,
      "element": {
        "element_type": "minecraft:single_pool_element",
        "projection": "rigid",
        "location": "ethrium:catacombs/rooms/room_03",
        "processors": "ethrium:catacombs"
      }
    },
    {
      "weight": 1,
      "element": {
        "element_type": "minecraft:single_pool_element",
        "projection": "rigid",
        "location": "ethrium:catacombs/rooms/room_04",
        "processors": "ethrium:catacombs"
      }
    }
  ]
}
