{
	"loot_tables_to_eject": [
		{
			"data": "yggdrasil:generic/reward/ominous/trial",
			"weight": 3
		},
		{
			"data": "yggdrasil:generic/reward/ominous/equipement",
			"weight": 4
		}
	],
	"simultaneous_mobs": 1.0,
	"simultaneous_mobs_added_per_player": 1.0,
	"spawn_potentials": [
		{
			"data": {
				"entity": {
					"DeathLootTable": "yggdrasil:generic/mob/ominous/warden",
					"active_effects": [
						{
							"id": "minecraft:absorption",
							"duration": -1,
							"amplifier": 2,
							"show_particles": false
						},
						{
							"id": "minecraft:fire_resistance",
							"duration": -1,
							"amplifier": 0,
							"show_particles": false
						},
						{
							"id": "minecraft:regeneration",
							"duration": -1,
							"amplifier": 0,
							"show_particles": false
						},
						{
							"id": "minecraft:wind_charged",
							"duration": -1,
							"amplifier": 1,
							"show_particles": false
						},
						{
							"id": "minecraft:resistance",
							"duration": -1,
							"amplifier": 0,
							"show_particles": false
						}
					],
					"Health": 50,
					"id": "minecraft:warden"
				}
			},
			"weight": 1
		}
	],
	"ticks_between_spawn": 300
}
