{
	"loot_tables_to_eject": [
		{
			"data": "yggdrasil:asgard/spawner/key",
			"weight": 3
		},
		{
			"data": "yggdrasil:asgard/spawner/consumables",
			"weight": 7
		}
	],
	"simultaneous_mobs": 4.0,
	"simultaneous_mobs_added_per_player": 2.0,
	"spawn_potentials": [
		{
			"data": {
				"entity": {
					"DeathLootTable": "yggdrasil:generic/mob/normal/drowned",
					"id": "minecraft:drowned"
				},
				"equipment": {
					"loot_table": "yggdrasil:generic/equipment/normal/asgard/melee_trident",
					"slot_drop_chances": 0.0
				}
			},
			"weight": 1
		}
	],
	"ticks_between_spawn": 120
}
