{
    "type": "minecraft:chest",
    "pools": [
      {
        "rolls": 4,
        "bonus_rolls": 2,
        "entries": [
          {
            "type": "minecraft:item",
            "name": "minecraft:gold_ingot",
            "weight": 5,
            "functions": [
              {
                "function": "minecraft:set_count",
                "count": {
                  "min": 1,
                  "max": 10
                }
              }
            ]
          },
          {
            "type": "minecraft:item",
            "name": "minecraft:diamond",
            "weight": 1,
            "functions": [
              {
                "function": "minecraft:set_count",
                "count": {
                  "min": 1,
                  "max": 2
                }
              }
            ]
          },
          {
            "type": "minecraft:item",
            "name": "minecraft:bone",
            "weight": 5,
            "functions": [
              {
                "function": "minecraft:set_count",
                "count": {
                  "min": 1,
                  "max": 2
                }
              }
            ]
          },
          {
            "type": "minecraft:item",
            "name": "minecraft:rotten_flesh",
            "weight": 5,
            "functions": [
              {
                "function": "minecraft:set_count",
                "count": {
                  "min": 1,
                  "max": 2
                }
              }
            ]
          },
          {
            "type": "minecraft:item",
            "name": "minecraft:raw_gold",
            "weight": 2,
            "functions": [
              {
                "function": "minecraft:set_count",
                "count": {
                  "min": 1,
                  "max": 3
                }
              }
            ]
          }
        ]
      },
      {
        "rolls": 1,
        "entries": [
          {
            "type": "minecraft:item",
            "name": "minecraft:dune_armor_trim_smithing_template",
            "weight": 1
          },
          {
            "type": "minecraft:item",
            "name": "minecraft:ancient_debris",
            "weight": 4
          },
          {
            "type": "minecraft:item",
            "name": "minecraft:totem_of_undying",
            "weight": 4
          },
          {
            "type": "minecraft:item",
            "name": "minecraft:diamond_block",
            "weight": 4
          },
          {
            "type": "minecraft:item",
            "name": "minecraft:netherite_upgrade_smithing_template",
            "weight": 1
          }
        ],
        "conditions": [
          {
            "condition": "minecraft:random_chance",
            "chance": 0.6
          }
        ]
      },
      {
        "rolls": {
          "min": 1,
          "max": 1
        },
        "entries": [
          {
            "type": "minecraft:loot_table",
            "value": "eden:item/automaticons/gold_tier",
            "conditions": [
              {
                "condition": "minecraft:random_chance",
                "chance": 0.6
              },
              {
                "condition": "minecraft:entity_properties",
                "entity": "this",
                "predicate": {
                  "nbt": "{Tags:[\"automaticons\"]}"
                }
              }
            ]
          }
        ]
      }
    ]
  }
  