{
  "display": {
    "icon": {
      "id": "minecraft:iron_sword",
      "components": {
        "minecraft:custom_model_data": {
          "floats": [
            6548001
          ]
        }
      }
    },
    "title": {
      "translate": "rrc.h-nigh.advancement.blood_hunt.title",
      "fallback": "Blood Hunt",
      "color": "dark_red",
      "bold": true,
      "italic": true,
      "underlined": false,
      "strikethrough": false,
      "obfuscated": false
    },
    "description": {
      "translate": "rrc.h-nigh.advancement.blood_hunt.description",
      "fallback": "Slay a member of The Horde during a Blood Moon.",
      "bold": false,
      "italic": true,
      "underlined": false,
      "strikethrough": false,
      "obfuscated": false
    },
    "frame": "task",
    "show_toast": true,
    "announce_to_chat": true,
    "hidden": false
  },
  "parent": "rrc:h-nigh",
  "criteria": {
    "h-nigh:blood_hunt": {
      "trigger": "minecraft:impossible"
    }
  }
}
