{
  "display": {
    "icon": {
      "id": "minecraft:diamond",
      "components": {
        "minecraft:custom_model_data": 6548009
      }
    },
    "title": {
      "translate": "rrc.h-nigh.advancement.ritual.great_infusion.title",
      "fallback": "Great Infusion!",
      "color": "dark_gray",
      "bold": true,
      "italic": true,
      "underlined": false,
      "strikethrough": false,
      "obfuscated": false
    },
    "description": {
      "translate": "rrc.h-nigh.advancement.ritual.great_infusion.description",
      "fallback": "Infuse a Primed Diamond on a soul campfire.",
      "bold": false,
      "italic": true,
      "underlined": false,
      "strikethrough": false,
      "obfuscated": false
    },
    "frame": "task",
    "show_toast": true,
    "announce_to_chat": false,
    "hidden": true
  },
  "parent": "h-nigh:ritual/prime",
  "criteria": {
    "h-nigh:great_infusion": {
      "trigger": "minecraft:impossible"
    }
  }
}
