{
  "display": {
    "icon": {
      "id": "minecraft:diamond",
      "components": {
        "minecraft:custom_model_data": 6548001
      }
    },
    "title": {
      "translate": "rrc.h-nigh.advancement.ritual.prime.title",
      "fallback": "Prime!",
      "color": "dark_blue",
      "bold": true,
      "italic": true,
      "underlined": false,
      "strikethrough": false,
      "obfuscated": false
    },
    "description": {
      "translate": "rrc.h-nigh.advancement.ritual.prime.description",
      "fallback": "Craft a Primed Diamond.",
      "bold": false,
      "italic": true,
      "underlined": false,
      "strikethrough": false,
      "obfuscated": false
    },
    "frame": "task",
    "show_toast": true,
    "announce_to_chat": false,
    "hidden": true
  },
  "parent": "h-nigh:ritual/bad_burn",
  "criteria": {
    "h-nigh:prime": {
      "trigger": "minecraft:inventory_changed",
      "conditions": {
        "items": [
          {
            "components": {
              "minecraft:custom_data": {
                "h-nigh:primed_diamond": true
              }
            }
          }
        ]
      }
    }
  }
}