{
	"loot_tables_to_eject": [
		{
			"data": "yggdrasil:helheim/spawner/key",
			"weight": 3
		},
		{
			"data": "yggdrasil:helheim/spawner/consumables",
			"weight": 7
		}
	],
	"simultaneous_mobs": 1.0,
	"simultaneous_mobs_added_per_player": 0.0,
	"spawn_potentials": [
		{
			"data": {
				"entity": {
					"Health": 50,
					"DeathLootTable": "yggdrasil:generic/mob/normal/warden",
					"id": "minecraft:warden"
				}
			},
			"weight": 1
		}
	],
	"ticks_between_spawn": 300
}
