{
    "display": {
        "icon": {
            "id": "minecraft:spawner"
        },
        "title": "Mineable Spawner                                                                                                                 ",
        "description": [
            "",
            {
                "text": "Makes spawners mineable\n",
                "color": "white"
            },
            {
                "text": "\n",
                "color": "green"
            },
            {
                "text": "Datapack version: ",
                "color": "dark_green"
            },
            {
                "text": "v2.1.2",
                "color": "green"
            },
            {
                "text": "\n",
                "color": "green"
            },
            {
                "text": "Game version: ",
                "color": "dark_green"
            },
            {
                "text": "1.21.5",
                "color": "green"
            },
            {
                "text": "\n",
                "color": "green"
            },
            {
                "text": "\n",
                "color": "green"
            },
            {
                "text": "modrinth.com/datapack/mineable-spawner",
                "color": "dark_purple"
            }
        ],
        "frame": "task",
        "show_toast": false,
        "announce_to_chat": false
    },
    "parent": "jodek:utility",
    "criteria": {
        "tick": {
            "trigger": "minecraft:tick"
        }
    }
}