{
	"type": "minecraft:chest",
	"pools": [
		{
			"rolls": 1,
			"entries": [
				{
					"type": "minecraft:loot_table",
					"value": "yggdrasil:runic_labyrinth/key/normal",
					"weight": 1,
					"conditions": [
						{
							"condition": "minecraft:random_chance",
							"chance": 0.25
						}
					]
				}
			]
		},
		{
			"rolls": {
				"type": "minecraft:uniform",
				"min": 3,
				"max": 5
			},
			"entries": [
				{
					"type": "minecraft:item",
					"name": "minecraft:stone_sword",
					"weight": 10,
					"functions": [
						{
							"function": "minecraft:enchant_randomly",
							"conditions": [
								{
									"condition": "minecraft:random_chance",
									"chance": 0.3
								}
							]
						}
					]
				},
				{
					"type": "minecraft:item",
					"name": "minecraft:iron_helmet",
					"weight": 8,
					"functions": [
						{
							"function": "minecraft:enchant_randomly",
							"conditions": [
								{
									"condition": "minecraft:random_chance",
									"chance": 0.3
								}
							]
						}
					]
				},
				{
					"type": "minecraft:item",
					"name": "minecraft:iron_chestplate",
					"weight": 8,
					"functions": [
						{
							"function": "minecraft:enchant_randomly",
							"conditions": [
								{
									"condition": "minecraft:random_chance",
									"chance": 0.3
								}
							]
						}
					]
				},
				{
					"type": "minecraft:item",
					"name": "minecraft:stone_axe",
					"weight": 10,
					"functions": [
						{
							"function": "minecraft:enchant_randomly",
							"conditions": [
								{
									"condition": "minecraft:random_chance",
									"chance": 0.3
								}
							]
						}
					]
				},
				{
					"type": "minecraft:item",
					"name": "minecraft:stone_pickaxe",
					"weight": 10,
					"functions": [
						{
							"function": "minecraft:enchant_randomly",
							"conditions": [
								{
									"condition": "minecraft:random_chance",
									"chance": 0.3
								}
							]
						}
					]
				},
				{
					"type": "minecraft:item",
					"name": "minecraft:iron_boots",
					"weight": 8,
					"functions": [
						{
							"function": "minecraft:enchant_randomly",
							"conditions": [
								{
									"condition": "minecraft:random_chance",
									"chance": 0.3
								}
							]
						}
					]
				},
				{
					"type": "minecraft:item",
					"name": "minecraft:shield",
					"weight": 5
				},
				{
					"type": "minecraft:item",
					"name": "minecraft:iron_leggings",
					"weight": 8,
					"functions": [
						{
							"function": "minecraft:enchant_randomly",
							"conditions": [
								{
									"condition": "minecraft:random_chance",
									"chance": 0.3
								}
							]
						}
					]
				},
				{
					"type": "minecraft:item",
					"name": "minecraft:chainmail_helmet",
					"weight": 10,
					"functions": [
						{
							"function": "minecraft:enchant_randomly",
							"conditions": [
								{
									"condition": "minecraft:random_chance",
									"chance": 0.3
								}
							]
						}
					]
				},
				{
					"type": "minecraft:item",
					"name": "minecraft:stone_shovel",
					"weight": 10,
					"functions": [
						{
							"function": "minecraft:enchant_randomly",
							"conditions": [
								{
									"condition": "minecraft:random_chance",
									"chance": 0.3
								}
							]
						}
					]
				},
				{
					"type": "minecraft:item",
					"name": "minecraft:leather_chestplate",
					"weight": 12,
					"functions": [
						{
							"function": "minecraft:enchant_randomly",
							"conditions": [
								{
									"condition": "minecraft:random_chance",
									"chance": 0.3
								}
							]
						}
					]
				},
				{
					"type": "minecraft:item",
					"name": "minecraft:bow",
					"weight": 8,
					"functions": [
						{
							"function": "minecraft:enchant_randomly",
							"conditions": [
								{
									"condition": "minecraft:random_chance",
									"chance": 0.3
								}
							]
						}
					]
				},
				{
					"type": "minecraft:item",
					"name": "minecraft:arrow",
					"weight": 12,
					"functions": [
						{
							"function": "minecraft:set_count",
							"count": {
								"type": "minecraft:uniform",
								"min": 4,
								"max": 16
							}
						}
					]
				}
			]
		}
	],
	"random_sequence": "yggdrasil:runic_labyrinth/reward"
}
