{
	"type": "minecraft:chest",
	"pools": [
		{
			"rolls": 1,
			"entries": [
				{
					"type": "minecraft:loot_table",
					"value": "yggdrasil:runic_labyrinth/key/normal",
					"weight": 1,
					"conditions": [
						{
							"condition": "minecraft:random_chance",
							"chance": 0.25
						}
					]
				}
			]
		},
		{
			"rolls": {
				"type": "minecraft:uniform",
				"min": 3,
				"max": 6
			},
			"entries": [
				{
					"type": "minecraft:item",
					"name": "minecraft:black_concrete",
					"weight": 10,
					"functions": [
						{
							"function": "minecraft:set_count",
							"count": {
								"type": "minecraft:uniform",
								"min": 8,
								"max": 16
							}
						}
					]
				},
				{
					"type": "minecraft:item",
					"name": "minecraft:white_concrete",
					"weight": 10,
					"functions": [
						{
							"function": "minecraft:set_count",
							"count": {
								"type": "minecraft:uniform",
								"min": 8,
								"max": 16
							}
						}
					]
				},
				{
					"type": "minecraft:item",
					"name": "minecraft:quartz_block",
					"weight": 8,
					"functions": [
						{
							"function": "minecraft:set_count",
							"count": {
								"type": "minecraft:uniform",
								"min": 4,
								"max": 12
							}
						}
					]
				},
				{
					"type": "minecraft:item",
					"name": "minecraft:deepslate_tiles",
					"weight": 12,
					"functions": [
						{
							"function": "minecraft:set_count",
							"count": {
								"type": "minecraft:uniform",
								"min": 8,
								"max": 24
							}
						}
					]
				},
				{
					"type": "minecraft:item",
					"name": "minecraft:amethyst_block",
					"weight": 5,
					"functions": [
						{
							"function": "minecraft:set_count",
							"count": {
								"type": "minecraft:uniform",
								"min": 1,
								"max": 3
							}
						}
					]
				},
				{
					"type": "minecraft:item",
					"name": "minecraft:fire_charge",
					"weight": 8,
					"functions": [
						{
							"function": "minecraft:set_count",
							"count": {
								"type": "minecraft:uniform",
								"min": 2,
								"max": 6
							}
						}
					]
				},
				{
					"type": "minecraft:item",
					"name": "minecraft:ender_pearl",
					"weight": 5,
					"functions": [
						{
							"function": "minecraft:set_count",
							"count": {
								"type": "minecraft:uniform",
								"min": 1,
								"max": 3
							}
						}
					]
				},
				{
					"type": "minecraft:item",
					"name": "minecraft:music_disc_13",
					"weight": 2
				},
				{
					"type": "minecraft:item",
					"name": "minecraft:polished_deepslate",
					"weight": 12,
					"functions": [
						{
							"function": "minecraft:set_count",
							"count": {
								"type": "minecraft:uniform",
								"min": 8,
								"max": 24
							}
						}
					]
				},
				{
					"type": "minecraft:item",
					"name": "minecraft:chiseled_quartz_block",
					"weight": 8,
					"functions": [
						{
							"function": "minecraft:set_count",
							"count": {
								"type": "minecraft:uniform",
								"min": 2,
								"max": 8
							}
						}
					]
				},
				{
					"type": "minecraft:item",
					"name": "minecraft:calcite",
					"weight": 10,
					"functions": [
						{
							"function": "minecraft:set_count",
							"count": {
								"type": "minecraft:uniform",
								"min": 8,
								"max": 16
							}
						}
					]
				},
				{
					"type": "minecraft:item",
					"name": "minecraft:tinted_glass",
					"weight": 8,
					"functions": [
						{
							"function": "minecraft:set_count",
							"count": {
								"type": "minecraft:uniform",
								"min": 4,
								"max": 12
							}
						}
					]
				},
				{
					"type": "minecraft:item",
					"name": "minecraft:amethyst_shard",
					"weight": 10,
					"functions": [
						{
							"function": "minecraft:set_count",
							"count": {
								"type": "minecraft:uniform",
								"min": 4,
								"max": 12
							}
						}
					]
				},
				{
					"type": "minecraft:item",
					"name": "minecraft:music_disc_wait",
					"weight": 2
				},
				{
					"type": "minecraft:item",
					"name": "minecraft:chain",
					"weight": 8,
					"functions": [
						{
							"function": "minecraft:set_count",
							"count": {
								"type": "minecraft:uniform",
								"min": 4,
								"max": 16
							}
						}
					]
				}
			]
		}
	],
	"random_sequence": "yggdrasil:runic_labyrinth/reward"
}
