{
  "display": {
    "icon": {
      "id": "minecraft:player_head",
      "components": {
        "minecraft:profile": {
          "properties": [
            {
              "name": "textures",
              "value": "eyJ0ZXh0dXJlcyI6eyJTS0lOIjp7InVybCI6Imh0dHA6Ly90ZXh0dXJlcy5taW5lY3JhZnQubmV0L3RleHR1cmUvZmMwMDM2ZWVkYmVjNzdiMjQzNzFiMzFjMDI5YzRmNGNlMWViMWNiNzFlYTgyNzlmYWE3YmY2ZDk4Yzc1ODJlZiJ9fX0="
            }
          ]
        }
      }
    },
    "title": "Village Hero+",
    "description": "Get better gifts from villagers after defeating a raid--and if they're really grateful, you'll get a rare item!",
    "show_toast": false,
    "announce_to_chat": false
  },
  "parent": "global:notblue",
  "criteria": {
    "requirement": {
      "trigger": "minecraft:tick"
    }
  }
}
