{
    "criteria": {
      "requirement": {
        "trigger": "minecraft:consume_item",
        "conditions": {
          "item": {
            "items": "minecraft:potion",
            "count": 1,
            "components": {
              "minecraft:custom_name": {color:"red",fallback:"Whisky",translate:"item.kattersstructures.whisky"}
            }
          }
        }
      }
    },
    "rewards": {
      "function": "kattersstructures:mesa_village/poisoning_whisky"
    }
  }
  