{
  "type": "minecraft:gift",
  "pools": [
    {
      "rolls": 1,
      "bonus_rolls": 2,
      "entries": [
        {
          "type": "minecraft:item",
          "name": "minecraft:poppy",
          "weight": 25
        },
        {
          "type": "minecraft:item",
          "name": "minecraft:dandelion",
          "weight": 25
        },
        {
          "type": "minecraft:item",
          "name": "minecraft:stick",
          "weight": 25
        },
        {
          "type": "minecraft:item",
          "name": "minecraft:potato",
          "weight": 25
        },
        {
          "type": "minecraft:item",
          "name": "minecraft:totem_of_undying",
          "weight": 1,
          "quality": 100
        },
        {
          "type": "minecraft:group",
          "children": [
            {
              "type": "minecraft:group",
              "children": [
                {
                  "type": "minecraft:tag",
                  "name": "village_hero:village_desert_baby_gift",
                  "expand": true,
                  "weight": 10
                },
                {
                  "type": "minecraft:item",
                  "name": "minecraft:dead_bush",
                  "weight": 50
                }
              ],
              "conditions": [
                {
                  "condition": "minecraft:location_check",
                  "predicate": {
                    "biomes": "#village_hero:has_structure/village_desert"
                  }
                }
              ]
            },
            {
              "type": "minecraft:tag",
              "name": "village_hero:village_plains_baby_gift",
              "expand": true,
              "weight": 10,
              "conditions": [
                {
                  "condition": "minecraft:location_check",
                  "predicate": {
                    "biomes": "#village_hero:has_structure/village_plains"
                  }
                }
              ]
            },
            {
              "type": "minecraft:tag",
              "name": "village_hero:village_savanna_baby_gift",
              "expand": true,
              "weight": 10,
              "conditions": [
                {
                  "condition": "minecraft:location_check",
                  "predicate": {
                    "biomes": "#village_hero:has_structure/village_savanna"
                  }
                }
              ]
            },
            {
              "type": "minecraft:group",
              "children": [
                {
                  "type": "minecraft:tag",
                  "name": "village_hero:village_snowy_baby_gift",
                  "expand": true,
                  "weight": 10
                },
                {
                  "type": "minecraft:item",
                  "name": "minecraft:snowball",
                  "weight": 50
                }
              ],
              "conditions": [
                {
                  "condition": "minecraft:location_check",
                  "predicate": {
                    "biomes": "#village_hero:has_structure/village_snowy"
                  }
                }
              ]
            },
            {
              "type": "minecraft:group",
              "children": [
                {
                  "type": "minecraft:tag",
                  "name": "village_hero:village_taiga_baby_gift",
                  "expand": true,
                  "weight": 10
                },
                {
                  "type": "minecraft:item",
                  "name": "minecraft:sweet_berries",
                  "weight": 50
                }
              ],
              "conditions": [
                {
                  "condition": "minecraft:location_check",
                  "predicate": {
                    "biomes": "#village_hero:has_structure/village_taiga"
                  }
                }
              ]
            },
            {
              "type": "minecraft:tag",
              "name": "village_hero:village_cherry_baby_gift",
              "expand": true,
              "weight": 10,
              "conditions": [
                {
                  "condition": "minecraft:location_check",
                  "predicate": {
                    "biomes": "#village_hero:has_structure/village_cherry"
                  }
                }
              ]
            },
            {
              "type": "minecraft:tag",
              "name": "village_hero:village_badlands_baby_gift",
              "expand": true,
              "weight": 10,
              "conditions": [
                {
                  "condition": "minecraft:location_check",
                  "predicate": {
                    "biomes": "#village_hero:has_structure/village_badlands"
                  }
                }
              ]
            },
            {
              "type": "minecraft:tag",
              "name": "village_hero:village_swamp_baby_gift",
              "expand": true,
              "weight": 10,
              "conditions": [
                {
                  "condition": "minecraft:location_check",
                  "predicate": {
                    "biomes": "#village_hero:has_structure/village_swamp"
                  }
                }
              ]
            },
            {
              "type": "minecraft:tag",
              "name": "village_hero:village_beach_baby_gift",
              "expand": true,
              "weight": 10,
              "conditions": [
                {
                  "condition": "minecraft:location_check",
                  "predicate": {
                    "biomes": "#village_hero:has_structure/village_beach"
                  }
                }
              ]
            },
            {
              "type": "minecraft:tag",
              "name": "village_hero:village_dark_forest_baby_gift",
              "expand": true,
              "weight": 10,
              "conditions": [
                {
                  "condition": "minecraft:location_check",
                  "predicate": {
                    "biomes": "#village_hero:has_structure/village_dark_forest"
                  }
                }
              ]
            },
            {
              "type": "minecraft:tag",
              "name": "village_hero:village_end_baby_gift",
              "expand": true,
              "weight": 10,
              "conditions": [
                {
                  "condition": "minecraft:location_check",
                  "predicate": {
                    "biomes": "#village_hero:has_structure/village_end"
                  }
                }
              ]
            },
            {
              "type": "minecraft:group",
              "children": [
                {
                  "type": "minecraft:tag",
                  "name": "village_hero:village_lush_caves_baby_gift",
                  "expand": true,
                  "weight": 10
                },
                {
                  "type": "minecraft:item",
                  "name": "minecraft:glow_berries",
                  "weight": 40
                }
              ],
              "conditions": [
                {
                  "condition": "minecraft:location_check",
                  "predicate": {
                    "biomes": "#village_hero:has_structure/village_lush_caves"
                  }
                }
              ]
            },
            {
              "type": "minecraft:tag",
              "name": "village_hero:village_mangrove_swamp_baby_gift",
              "expand": true,
              "weight": 10,
              "conditions": [
                {
                  "condition": "minecraft:location_check",
                  "predicate": {
                    "biomes": "#village_hero:has_structure/village_mangrove_swamp"
                  }
                }
              ]
            },
            {
              "type": "minecraft:tag",
              "name": "village_hero:village_mushroom_baby_gift",
              "expand": true,
              "weight": 10,
              "conditions": [
                {
                  "condition": "minecraft:location_check",
                  "predicate": {
                    "biomes": "#village_hero:has_structure/village_mushroom"
                  }
                }
              ]
            },
            {
              "type": "minecraft:tag",
              "name": "village_hero:village_ocean_baby_gift",
              "expand": true,
              "weight": 10,
              "conditions": [
                {
                  "condition": "minecraft:location_check",
                  "predicate": {
                    "biomes": "#village_hero:has_structure/village_ocean"
                  }
                }
              ]
            },
            {
              "type": "minecraft:tag",
              "name": "village_hero:village_sky_baby_gift",
              "expand": true,
              "weight": 10,
              "conditions": [
                {
                  "condition": "minecraft:location_check",
                  "predicate": {
                    "biomes": "#village_hero:has_structure/village_sky"
                  }
                }
              ]
            },
            {
              "type": "minecraft:tag",
              "name": "village_hero:village_forest_baby_gift",
              "expand": true,
              "weight": 10,
              "conditions": [
                {
                  "condition": "minecraft:location_check",
                  "predicate": {
                    "biomes": "#village_hero:has_structure/village_forest"
                  }
                }
              ]
            },
            {
              "type": "minecraft:tag",
              "name": "village_hero:village_birch_baby_gift",
              "expand": true,
              "weight": 10,
              "conditions": [
                {
                  "condition": "minecraft:location_check",
                  "predicate": {
                    "biomes": "#village_hero:has_structure/village_birch"
                  }
                }
              ]
            },
            {
              "type": "minecraft:tag",
              "name": "village_hero:village_pumpkin_baby_gift",
              "expand": true,
              "weight": 10,
              "conditions": [
                {
                  "condition": "minecraft:location_check",
                  "predicate": {
                    "biomes": "#village_hero:has_structure/village_pumpkin"
                  }
                }
              ]
            },
            {
              "type": "minecraft:tag",
              "name": "village_hero:village_nether_baby_gift",
              "expand": true,
              "weight": 10,
              "conditions": [
                {
                  "condition": "minecraft:location_check",
                  "predicate": {
                    "biomes": "#village_hero:has_structure/village_nether"
                  }
                }
              ]
            },
            {
              "type": "minecraft:tag",
              "name": "village_hero:village_jungle_baby_gift",
              "expand": true,
              "weight": 10,
              "conditions": [
                {
                  "condition": "minecraft:location_check",
                  "predicate": {
                    "biomes": "#village_hero:has_structure/village_jungle"
                  }
                }
              ]
            }
          ]
        }
      ]
    }
  ],
  "random_sequence": "minecraft:gameplay/hero_of_the_village/baby_gift"
}
