{
  "type": "minecraft:gift",
  "pools": [
    {
      "rolls": 1,
      "bonus_rolls": 2,
      "entries": [
        {
          "type": "minecraft:item",
          "name": "minecraft:mushroom_stew",
          "weight": 20
        },
        {
          "type": "minecraft:item",
          "name": "minecraft:bowl",
          "weight": 20
        },
        {
          "type": "minecraft:item",
          "name": "minecraft:beetroot_soup",
          "weight": 20
        },
        {
          "type": "minecraft:item",
          "name": "minecraft:glass_bottle",
          "weight": 20
        },
        {
          "type": "minecraft:item",
          "name": "minecraft:paper",
          "weight": 20
        },
        {
          "type": "minecraft:item",
          "name": "minecraft:emerald",
          "weight": 1,
          "quality": 100
        },
        {
          "type": "minecraft:group",
          "children": [
            {
              "type": "minecraft:tag",
              "name": "village_hero:village_plains_unemployed_gift",
              "expand": true,
              "weight": 10,
              "conditions": [
                {
                  "condition": "minecraft:location_check",
                  "predicate": {
                    "biomes": "#village_hero:has_structure/village_plains"
                  }
                }
              ]
            },
            {
              "type": "minecraft:group",
              "children": [
                {
                  "type": "minecraft:tag",
                  "name": "village_hero:village_taiga_unemployed_gift",
                  "expand": false,
                  "weight": 10
                },
                {
                  "type": "minecraft:item",
                  "name": "minecraft:large_fern",
                  "weight": 25
                }
              ],
              "conditions": [
                {
                  "condition": "minecraft:location_check",
                  "predicate": {
                    "biomes": "#village_hero:has_structure/village_taiga"
                  }
                }
              ]
            },
            {
              "type": "minecraft:tag",
              "name": "village_hero:village_savanna_unemployed_gift",
              "expand": true,
              "weight": 10,
              "conditions": [
                {
                  "condition": "minecraft:location_check",
                  "predicate": {
                    "biomes": "#village_hero:has_structure/village_savanna"
                  }
                }
              ]
            },
            {
              "type": "minecraft:group",
              "children": [
                {
                  "type": "minecraft:tag",
                  "name": "village_hero:village_snowy_unemployed_gift",
                  "expand": true,
                  "weight": 10
                },
                {
                  "type": "minecraft:item",
                  "name": "minecraft:powder_snow_bucket",
                  "weight": 25
                }
              ],
              "conditions": [
                {
                  "condition": "minecraft:location_check",
                  "predicate": {
                    "biomes": "#village_hero:has_structure/village_snowy"
                  }
                }
              ]
            },
            {
              "type": "minecraft:group",
              "children": [
                {
                  "type": "minecraft:tag",
                  "name": "village_hero:village_desert_unemployed_gift",
                  "expand": true,
                  "weight": 10
                },
                {
                  "type": "minecraft:item",
                  "name": "minecraft:rabbit",
                  "weight": 10
                },
                {
                  "type": "minecraft:item",
                  "name": "minecraft:rabbit_foot",
                  "weight": 10
                },
                {
                  "type": "minecraft:item",
                  "name": "minecraft:rabbit_hide",
                  "weight": 10
                }
              ],
              "conditions": [
                {
                  "condition": "minecraft:location_check",
                  "predicate": {
                    "biomes": "#village_hero:has_structure/village_desert"
                  }
                }
              ]
            },
            {
              "type": "minecraft:tag",
              "name": "village_hero:village_cherry_unemployed_gift",
              "expand": true,
              "weight": 10,
              "conditions": [
                {
                  "condition": "minecraft:location_check",
                  "predicate": {
                    "biomes": "#village_hero:has_structure/village_cherry"
                  }
                }
              ]
            },
            {
              "type": "minecraft:tag",
              "name": "village_hero:village_badlands_unemployed_gift",
              "expand": true,
              "weight": 10,
              "conditions": [
                {
                  "condition": "minecraft:location_check",
                  "predicate": {
                    "biomes": "#village_hero:has_structure/village_badlands"
                  }
                }
              ]
            },
            {
              "type": "minecraft:tag",
              "name": "village_hero:village_swamp_unemployed_gift",
              "expand": true,
              "weight": 10,
              "conditions": [
                {
                  "condition": "minecraft:location_check",
                  "predicate": {
                    "biomes": "#village_hero:has_structure/village_swamp"
                  }
                }
              ]
            },
            {
              "type": "minecraft:tag",
              "name": "village_hero:village_beach_unemployed_gift",
              "expand": true,
              "weight": 10,
              "conditions": [
                {
                  "condition": "minecraft:location_check",
                  "predicate": {
                    "biomes": "#village_hero:has_structure/village_beach"
                  }
                }
              ]
            },
            {
              "type": "minecraft:tag",
              "name": "village_hero:village_dark_forest_unemployed_gift",
              "expand": true,
              "weight": 10,
              "conditions": [
                {
                  "condition": "minecraft:location_check",
                  "predicate": {
                    "biomes": "#village_hero:has_structure/village_dark_forest"
                  }
                }
              ]
            },
            {
              "type": "minecraft:tag",
              "name": "village_hero:village_end_unemployed_gift",
              "expand": true,
              "weight": 10,
              "conditions": [
                {
                  "condition": "minecraft:location_check",
                  "predicate": {
                    "biomes": "#village_hero:has_structure/village_end"
                  }
                }
              ]
            },
            {
              "type": "minecraft:tag",
              "name": "village_hero:village_lush_caves_unemployed_gift",
              "expand": true,
              "weight": 10,
              "conditions": [
                {
                  "condition": "minecraft:location_check",
                  "predicate": {
                    "biomes": "#village_hero:has_structure/village_lush_caves"
                  }
                }
              ]
            },
            {
              "type": "minecraft:tag",
              "name": "village_hero:village_mushroom_unemployed_gift",
              "expand": true,
              "weight": 10,
              "conditions": [
                {
                  "condition": "minecraft:location_check",
                  "predicate": {
                    "biomes": "#village_hero:has_structure/village_mushroom"
                  }
                }
              ]
            },
            {
              "type": "minecraft:tag",
              "name": "village_hero:village_ocean_unemployed_gift",
              "expand": true,
              "weight": 10,
              "conditions": [
                {
                  "condition": "minecraft:location_check",
                  "predicate": {
                    "biomes": "#village_hero:has_structure/village_ocean"
                  }
                }
              ]
            },
            {
              "type": "minecraft:tag",
              "name": "village_hero:village_sky_unemployed_gift",
              "expand": true,
              "weight": 10,
              "conditions": [
                {
                  "condition": "minecraft:location_check",
                  "predicate": {
                    "biomes": "#village_hero:has_structure/village_sky"
                  }
                }
              ]
            },
            {
              "type": "minecraft:tag",
              "name": "village_hero:village_forest_unemployed_gift",
              "expand": true,
              "weight": 10,
              "conditions": [
                {
                  "condition": "minecraft:location_check",
                  "predicate": {
                    "biomes": "#village_hero:has_structure/village_forest"
                  }
                }
              ]
            },
            {
              "type": "minecraft:tag",
              "name": "village_hero:village_birch_unemployed_gift",
              "expand": true,
              "weight": 10,
              "conditions": [
                {
                  "condition": "minecraft:location_check",
                  "predicate": {
                    "biomes": "#village_hero:has_structure/village_birch"
                  }
                }
              ]
            },
            {
              "type": "minecraft:tag",
              "name": "village_hero:village_pumpkin_unemployed_gift",
              "expand": true,
              "weight": 10,
              "conditions": [
                {
                  "condition": "minecraft:location_check",
                  "predicate": {
                    "biomes": "#village_hero:has_structure/village_pumpkin"
                  }
                }
              ]
            },
            {
              "type": "minecraft:tag",
              "name": "village_hero:village_nether_unemployed_gift",
              "expand": true,
              "weight": 10,
              "conditions": [
                {
                  "condition": "minecraft:location_check",
                  "predicate": {
                    "biomes": "#village_hero:has_structure/village_nether"
                  }
                }
              ]
            },
            {
              "type": "minecraft:tag",
              "name": "village_hero:village_jungle_unemployed_gift",
              "expand": true,
              "weight": 10,
              "conditions": [
                {
                  "condition": "minecraft:location_check",
                  "predicate": {
                    "biomes": "#village_hero:has_structure/village_jungle"
                  }
                }
              ]
            }
          ]
        }
      ]
    }
  ],
  "random_sequence": "minecraft:gameplay/hero_of_the_village/unemployed_gift"
}
