{ 
	"values": [
		"minecraft:beach",
		"minecraft:stony_shore",
        "minecraft:snowy_beach",
        "#minecraft:is_beach",
        {
            "id": "biomesoplenty:dune_beach",
            "required": false
        },
        {
            "id": "biomeswevegone:rainbow_beach",
            "required": false
        },
        {
            "id": "biomeswevegone:windswept_beach",
            "required": false
        },
        {
            "id": "blooming_biosphere:tidepools",
            "required": false
        },
        {
            "id": "clifftree:temperate_beach",
            "required": false
        },
        {
            "id": "clifftree:gravelly_beach",
            "required": false
        },
        {
            "id": "cynic:cold_beach",
            "required": false
        },
        {
            "id": "cynic:lukewarm_beach",
            "required": false
        },
        {
            "id": "cynic:warm_beach",
            "required": false
        },
        {
            "id": "cynic:snowy_stony_shore",
            "required": false
        },
        {
            "id": "cynic:cold_stony_shore",
            "required": false
        },
        {
            "id": "cynic:diorite_stony_shore",
            "required": false
        },
        {
            "id": "cynic:granite_stony_shore",
            "required": false
        },
        {
            "id": "cynic:lukewarm_stony_shore",
            "required": false
        },
        {
            "id": "cynic:warm_stony_shore",
            "required": false
        },
        {
            "id": "jermsy:gravelly_beach",
            "required": false
        },
        {
            "id": "regions_unexplored:grassy_beach",
            "required": false
        },
        {
            "id": "regions_unexplored:gravel_beach",
            "required": false
        },
        {
            "id": "sensible:cold_coast",
            "required": false
        },
        {
            "id": "sensible:coast",
            "required": false
        },
        {
            "id": "sensible:lukewarm_coast",
            "required": false
        },
        {
            "id": "sensible:warm_coast",
            "required": false
        },
		{
			"id": "terralith:gravel_beach",
			"required": false
		},
        {
            "id": "terrestria:volcanic_island",
            "required": false
        },
        {
            "id": "wilderwild:warm_beach",
            "required": false
        },
        {
            "id": "wythers:black_beach",
            "required": false
        },
        {
            "id": "wythers:desert_beach",
            "required": false
        },
        {
            "id": "wythers:gravelly_beach",
            "required": false
        },
        {
            "id": "wythers:sand_dunes",
            "required": false
        },
        {
            "id": "wythers:tropical_beach",
            "required": false
        }
	]
}