{
  "values": [
    "#minecraft:has_structure/village_taiga",
    "#minecraft:is_taiga",
    "minecraft:taiga",
    "minecraft:old_growth_spruce_taiga",
    "minecraft:snowy_taiga",
    "minecraft:old_growth_pine_taiga",
    "minecraft:grove",
    {
      "id": "biomesoplenty:mediterranean_taiga",
      "required": false
    },
    {
      "id": "biomesoplenty:dead_forest",
      "required": false
    },
    {
      "id": "biomesoplenty:old_growth_dead_forest",
      "required": false
    },
    {
      "id": "biomesoplenty:coniferous_forest",
      "required": false
    },
    {
      "id": "biomesoplenty:fir_clearing",
      "required": false
    },
    {
      "id": "biomesoplenty:hot_springs",
      "required": false
    },
    {
      "id": "biomesoplenty:tundra",
      "required": false
    },
    {
      "id": "biomesoplenty:maple_woods",
      "required": false
    },
    {
      "id": "biomesoplenty:snowy_coniferous_forest",
      "required": false
    },
    {
      "id": "biomesoplenty:snowy_fir_clearing",
      "required": false
    },
    {
      "id": "biomesoplenty:snowy_maple_forest",
      "required": false
    },
    {
      "id": "biomesoplenty:redwood_forest",
      "required": false
    },
    {
      "id": "biomeswevegone:redwood_thicket",
      "required": false
    },
    {
      "id": "biomeswevegone:autumnal_taiga",
      "required": false
    },
    {
      "id": "biomeswevegone:canadian_shield",
      "required": false
    },
    {
      "id": "biomeswevegone:maple_taiga",
      "required": false
    },
    {
      "id": "biomeswevegone:black_forest",
      "required": false
    },        
    {
      "id": "biomeswevegone:dacite_ridges",
      "required": false
    },
    {
      "id": "biomeswevegone:borealis_grove",
      "required": false
    },
    {
      "id": "biomeswevegone:cika_woods",
      "required": false
    },
    {
      "id": "biomeswevegone:aspen_boreal",
      "required": false
    },
    {
      "id": "biomeswevegone:coniferous_forest",
      "required": false
    },
    {
      "id": "biomeswevegone:rose_fields",
      "required": false
    },
    {
      "id": "biomeswevegone:zelkova_forest",
      "required": false
    },
    {
      "id": "blooming_biosphere:autumnal_forest",
      "required": false
    },
    {
      "id": "clifftree:snowy_old_growth_taiga",
      "required": false
    },
    {
      "id": "cynic:boreal_strand",
      "required": false
    },
    {
      "id": "cynic:boreal_plains",
      "required": false
    },
    {
      "id": "projectvibrantjourneys:boreal_forest",
      "required": false
    },
    {
      "id": "projectvibrantjourneys:crystal_lakes",
      "required": false
    },
    {
      "id": "projectvibrantjourneys:redwoods",
      "required": false
    },
    {
      "id": "promenade:glacarian_taiga",
      "required": false
    },
    {
      "id": "regions_unexplored:boreal_forest",
      "required": false
    },
    {
      "id": "regions_unexplored:golden_boreal_forest",
      "required": false
    },
    {
      "id": "regions_unexplored:old_growth_boreal_forest",
      "required": false
    },
	  {
      "id": "regions_unexplored:maple_forest",
      "required": false
    },
    {
      "id": "regions_unexplored:canadian_forest",
      "required": false
    },
	  {
      "id": "regions_unexplored:pine_forest",
      "required": false
    },
	  {
      "id": "regions_unexplored:pine_slopes",
      "required": false
    },
	  {
      "id": "regions_unexplored:temperate_grove",
      "required": false
    },
	  {
      "id": "regions_unexplored:pumpkin_fields",
      "required": false
    },
	  {
      "id": "regions_unexplored:willow_forest",
      "required": false
    },
    {
      "id": "regions_unexplored:redwoods",
      "required": false
    },
    {
      "id": "regions_unexplored:sparse_redwoods",
      "required": false
    },
    {
      "id": "sensible:pine_swamp",
      "required": false
    },
    {
      "id": "sensible:taiga_swamp",
      "required": false
    },
    {
      "id": "sensible:pine_forest",
      "required": false
    },
    {
      "id": "sensible:pine_jungle",
      "required": false
    },
    {
      "id": "sensible:taiga_woodland",
      "required": false
    },
    {
      "id": "sensible:cold_woodland",
      "required": false
    },
    {
      "id": "sensible:cold_plains",
      "required": false
    },
    {
      "id": "sensible:cold_shrubland",
      "required": false
    },
    {
      "id":"terralith:siberian_taiga",
      "required": false
    },
    {
      "id": "terralith:alpine_grove",
      "required": false
    },
    {
      "id": "terralith:alpine_highlands",
      "required": false
    },
    {
      "id": "terralith:valley_clearing",
      "required": false
    },
    {
      "id": "terralith:lush_valley",
      "required": false
    },
    {
      "id": "terralith:rocky_shrubland",
      "required": false
    },
    {
      "id": "terralith:siberian_grove",
      "required": false
    },
    {
      "id": "terralith:snowy_maple_forest",
      "required": false
    },
    {
      "id": "terralith:snowy_shield",
      "required": false
    },
    {
      "id": "terralith:shield",
      "required": false
    },
    {
      "id": "terralith:wintry_forest",
      "required": false
    },
    {
      "id": "terralith:wintry_lowlands",
      "required": false
    },
    {
      "id": "terralith:cloud_forest",
      "required": false
    },
    {
      "id": "terralith:forested_highlands",
      "required": false
    },
    {
      "id": "terralith:lavender_forest",
      "required": false
    },
    {
      "id": "terralith:lavender_valley",
      "required": false
    },
    {
      "id": "terralith:moonlight_grove",
      "required": false
    },
    {
      "id": "terralith:moonlight_valley",
      "required": false
    },
    {
      "id": "terralith:shrubland",
      "required": false
    },
    {
      "id": "terrestria:dense_woodlands",
      "required": false
    },
    {
      "id": "terrestria:hemlock_rainforest",
      "required": false
    },
    {
      "id": "terrestria:hemlock_treeline",
      "required": false
    },
    {
      "id": "terrestria:lush_redwood_forest",
      "required": false
    },
    {
      "id": "terrestria:redwood_forest",
      "required": false
    },
    {
      "id": "terrestria:snowy_hemlock_forest",
      "required": false
    },
    {
      "id": "terrestria:snowy_hemlock_treeline",
      "required": false
    },
    {
      "id": "terrestria:windswept_redwood_forest",
      "required": false
    },
    {
      "id": "traverse:coniferious_forest",
      "required": false
    },
    {
      "id": "traverse:snowy_coniferous_forest",
      "required": false
    },
    {
      "id": "wilderwild:dark_taiga",
      "required": false
    },
    {
      "id": "wythers:flooded_temperate_rainforest",
      "required": false
    },
    {
      "id": "wythers:temperate_rainforest",
      "required": false
    },
    {
      "id": "wythers:temperate_rainforest_crags",
      "required": false
    },
    {
      "id": "wythers:ancient_taiga",
      "required": false
    },
    {
      "id": "wythers:old_growth_taiga_crags",
      "required": false
    },
    {
      "id": "wythers:old_growth_taiga_swamp",
      "required": false
    },
    {
      "id": "wythers:sparse_eucalyptus_woodland",
      "required": false
    },
    {
      "id": "wythers:sparse_eucalyptus_jungle",
      "required": false
    },
    {
      "id": "wythers:boreal_forest_red",
      "required": false
    },
    {
      "id": "wythers:boreal_forest_yellow",
      "required": false
    },
    {
      "id": "wythers:forested_highlands",
      "required": false
    },
    {
      "id": "wythers:jade_highlands",
      "required": false
    },
    {
      "id": "wythers:larch_taiga",
      "required": false
    },
    {
      "id": "wythers:pine_barrens",
      "required": false
    },
    {
      "id": "wythers:thermal_taiga",
      "required": false
    },
    {
      "id": "wythers:cold_island",
      "required": false
    },
    {
      "id": "wythers:maple_mountains",
      "required": false
    }
    
  ]
}
