{ "values": [
    "#minecraft:has_structure/swamp_hut",
	"minecraft:swamp",
	{ 
        "id": "biomesoplenty:bayou",
        "required": false
    },
    {
        "id": "biomesoplenty:wetland",
        "required": false
    },
    {
        "id": "biomesoplenty:highland_moor",
        "required": false
    },
    {
        "id": "biomesoplenty:bog",
        "required": false
    },
    {
        "id": "biomesoplenty:marsh",
        "required": false
    },
    {
        "id": "biomeswevegone:cypress_swamplands",
        "required": false
    },
    {
        "id": "blooming_biosphere:marsh",
        "required": false
    },
    {
        "id": "clifftree:bog",
        "required": false
    },
    {
        "id": "cynic:freshwater_swamp",
        "required": false
    },
    {
        "id": "cynic:muskeg",
        "required": false
    },
    {
        "id": "cynic:boglands",
        "required": false
    },
    {
        "id": "regions_unexplored:bayou",
        "required": false
    },
    {
        "id": "regions_unexplored:fen",
        "required": false
    },
    {
        "id": "regions_unexplored:flooded_plains",
        "required": false
    },
    {
        "id": "regions_unexplored:giant_bayou",
        "required": false
    },
    {
        "id": "regions_unexplored:fungal_fen",
        "required": false
    },
    {
        "id": "sensible:bamboo_swamp",
        "required": false
    },
    {
        "id": "sensible:birch_swamp",
        "required": false
    },
    {
        "id": "sensible:cold_swamp",
        "required": false
    },
    {
        "id": "sensible:desert_swamp",
        "required": false
    },
    {
        "id": "sensible:jungle_swamp",
        "required": false
    },
    {
        "id": "sensible:pine_swamp",
        "required": false
    },
    {
        "id": "sensible:swamp_plains",
        "required": false
    },
    {
        "id": "sensible:taiga_swamp",
        "required": false
    },
    { 
        "id": "terralith:orchid_swamp",
        "required": false
    },
    {
        "id": "terrestria:cypress_swamp",
        "required": false
    },
    {
        "id": "traverse:lush_swamp",
        "required": false
    },
    {
        "id": "wilderwild:cypress_wetlands",
        "required": false
    },
    {
        "id": "wythers:ancient_mossy_swamp",
        "required": false
    },
    {
        "id": "wythers:ancient_oak_swamp",
        "required": false
    },
    {
        "id": "wythers:marsh",
        "required": false
    },
    {
        "id": "wythers:waterlilly_swamp",
        "required": false
    },
    {
        "id": "wythers:dripleaf_swamp",
        "required": false
    },
    {
        "id": "wythers:pantanal",
        "required": false
    },
    {
        "id": "wythers:flowering_pantanal",
        "required": false
    }
]
}