{
    "name": "kattersstructures:deep_blue/red_coral/red_coral",
    "fallback": "minecraft:empty",
    "elements": [
    {
        "weight": 2,
        "element": {
            "location": "kattersstructures:deep_blue/red_coral/red_coral_01",
            "processors": "minecraft:empty",
            "projection": "rigid",
            "element_type": "minecraft:single_pool_element"
        }
    },{
        "weight": 2,
        "element": {
            "location": "kattersstructures:deep_blue/red_coral/red_coral_02",
            "processors": "minecraft:empty",
            "projection": "rigid",
            "element_type": "minecraft:single_pool_element"
        }
    },{
        "weight": 2,
        "element": {
            "location": "kattersstructures:deep_blue/red_coral/red_coral_03",
            "processors": "minecraft:empty",
            "projection": "rigid",
            "element_type": "minecraft:single_pool_element"
        }
    },{
        "weight": 1,
        "element": {
            "location": "kattersstructures:deep_blue/red_coral/red_coral_04",
            "processors": "minecraft:empty",
            "projection": "rigid",
            "element_type": "minecraft:single_pool_element"
        }
    }
]
}