{
  "criteria": {
    "requirement": {
      "trigger": "minecraft:player_killed_entity",
      "conditions": {
        "entity": [
          {
            "condition": "minecraft:entity_properties",
            "entity": "this",
            "predicate": {
              "type": "minecraft:enderman",
              "nbt": "{Tags:[\"h-nigh.mob\"]}"
            }
          }
        ]
      }
    }
  },
  "rewards": {
    "function": "h-nigh:stats/mobs/slay/endermen/enderman"
  }
}