{
  "structures": [
    {
      "structure": "terralith:underground/oak_cabin",
      "weight": 11
    },
    {
      "structure": "terralith:underground/giant_bee_hive",
      "weight": 2
    },
    {
      "structure": "terralith:underground/mining_outpost",
      "weight": 13
    },
    {
      "structure": "terralith:underground/old_refinery",
      "weight": 1
    },
    {
      "structure": "terralith:underground/sunken_tower",
      "weight": 5
    },
    {
      "structure": "terralith:witch_hut",
      "weight": 1
    }
  ],
  "placement": {
    "salt": 262626,
    "spacing": 36,
    "separation": 12,
    "type": "minecraft:random_spread"
  }
}