{
	"type": "minecraft:entity",
	"pools": [
		{
			"rolls": 1,
			"entries": [
				{
					"type": "minecraft:item",
					"name": "minecraft:ender_eye"
				},
				{
					"type": "minecraft:item",
					"name": "minecraft:chorus_fruit",
					"functions": [
						{
							"function": "minecraft:set_count",
							"count": {
								"min": 1,
								"max": 2
							}
						}
					]
				}
			]
		},
		{
			"rolls": 1,
			"bonus_rolls": 0,
			"entries": [
				{
					"type": "minecraft:loot_table",
					"value": "yggdrasil:generic/reward/mob"
				}
			]
		},
		{
			"rolls": {
				"min": 1,
				"max": 4
			},
			"bonus_rolls": 0,
			"entries": [
				{
					"type": "minecraft:loot_table",
					"value": "minecraft:entities/enderman"
				}
			]
		}
	],
	"random_sequence": "minecraft:entities/enderman"
}
