{
	"loot_tables_to_eject": [
		{
			"data": "yggdrasil:alfheim_tree/spawner/key",
			"weight": 3
		},
		{
			"data": "yggdrasil:alfheim_tree/spawner/ominous",
			"weight": 7
		}
	],
	"simultaneous_mobs": 4.0,
	"simultaneous_mobs_added_per_player": 2.0,
	"spawn_potentials": [
		{
			"data": {
				"entity": {
					"attributes": [
						{
							"id": "minecraft:attack_damage",
							"base": 8
						},
						{
							"id": "minecraft:knockback_resistance",
							"base": 10
						}
					],
					"DeathLootTable": "yggdrasil:generic/mob/ominous/spider",
					"active_effects": [
						{
							"id": "minecraft:absorption",
							"duration": -1,
							"amplifier": 2,
							"show_particles": false
						},
						{
							"id": "minecraft:fire_resistance",
							"duration": -1,
							"amplifier": 0,
							"show_particles": false
						},
						{
							"id": "minecraft:regeneration",
							"duration": -1,
							"amplifier": 0,
							"show_particles": false
						},
						{
							"id": "minecraft:oozing",
							"duration": -1,
							"amplifier": 1,
							"show_particles": false
						},
						{
							"id": "minecraft:resistance",
							"duration": -1,
							"amplifier": 0,
							"show_particles": false
						}
					],
					"id": "minecraft:spider"
				}
			},
			"weight": 1
		}
	],
	"ticks_between_spawn": 20
}
