{
  "type": "minecraft:chest",
  "pools": [
    {
      "rolls": {
        "min": 0,
        "max": 1
      },
      "entries": [
        {
          "type": "minecraft:item",
          "name": "minecraft:mushroom_stew"
        },
        {
          "type": "minecraft:item",
          "name": "minecraft:rabbit_stew"
        },
        {
          "type": "minecraft:item",
          "name": "minecraft:beetroot_soup"
        },
        {
          "type": "minecraft:item",
          "name": "minecraft:suspicious_stew",
          "functions": [
            {
              "function": "minecraft:set_stew_effect",
              "effects": [
                {
                  "type": "minecraft:invisibility",
                  "duration": 10
                },
                {
                  "type": "minecraft:nausea",
                  "duration": 10
                },
                {
                  "type": "minecraft:health_boost",
                  "duration": 10
                },
                {
                  "type": "minecraft:glowing",
                  "duration": 10
                },
                {
                  "type": "minecraft:water_breathing",
                  "duration": 10
                },
                {
                  "type": "minecraft:speed",
                  "duration": 10
                },
                {
                  "type": "minecraft:wither",
                  "duration": 10
                },
                {
                  "type": "minecraft:slowness",
                  "duration": 10
                },
                {
                  "type": "minecraft:poison",
                  "duration": 10
                },
                {
                  "type": "minecraft:absorption",
                  "duration": 10
                },
                {
                  "type": "minecraft:fire_resistance",
                  "duration": 10
                },
                {
                  "type": "minecraft:levitation",
                  "duration": 10
                },
                {
                  "type": "minecraft:jump_boost",
                  "duration": 10
                },
                {
                  "type": "minecraft:weakness",
                  "duration": 10
                },
                {
                  "type": "minecraft:strength",
                  "duration": 10
                },
                {
                  "type": "minecraft:night_vision",
                  "duration": 10
                },
                {
                  "type": "minecraft:blindness",
                  "duration": 10
                },
                {
                  "type": "minecraft:mining_fatigue",
                  "duration": 10
                },
                {
                  "type": "minecraft:haste",
                  "duration": 10
                },
                {
                  "type": "minecraft:instant_damage",
                  "duration": 1
                },
                {
                  "type": "minecraft:instant_health",
                  "duration": 1
                },
                {
                  "type": "minecraft:saturation",
                  "duration": 10
                },
                {
                  "type": "minecraft:hunger",
                  "duration": 10
                }
              ]
            }
          ]
        }
      ]
    },
    {
      "rolls": {
        "min": 0,
        "max": 1
      },
      "entries": [
        {
          "type": "minecraft:item",
          "name": "minecraft:leather_helmet"
        },
        {
          "type": "minecraft:item",
          "name": "minecraft:leather_chestplate"
        },
        {
          "type": "minecraft:item",
          "name": "minecraft:leather_leggings"
        },
        {
          "type": "minecraft:item",
          "name": "minecraft:leather_boots"
        }
      ]
    },
    {
      "rolls": {
        "min": 0,
        "max": 1
      },
      "entries": [
        {
          "type": "minecraft:item",
          "name": "minecraft:book",
          "weight": 1,
          "functions": [
            {
              "function": "minecraft:enchant_randomly",
              "options": "#minecraft:non_treasure"
            }
          ]
        },
        {
          "type": "minecraft:item",
          "name": "minecraft:saddle",
          "weight": 1
        },
        {
          "type": "minecraft:item",
          "name": "minecraft:gold_ingot",
          "weight": 5,
          "functions": [
            {
              "function": "minecraft:set_count",
              "count": {
                "min": 1,
                "max": 4
              }
            }
          ]
        },
        {
          "type": "minecraft:item",
          "name": "minecraft:amethyst_shard",
          "weight": 1,
          "functions": [
            {
              "function": "minecraft:set_count",
              "count": {
                "min": 1,
                "max": 3
              }
            }
          ]
        },
        {
          "type": "minecraft:item",
          "name": "minecraft:copper_ingot",
          "weight": 5,
          "functions": [
            {
              "function": "minecraft:set_count",
              "count": {
                "min": 3,
                "max": 5
              }
            }
          ]
        },
        {
          "type": "minecraft:item",
          "name": "minecraft:diamond",
          "weight": 1,
          "functions": [
            {
              "function": "minecraft:set_count",
              "count": {
                "min": 1,
                "max": 2
              }
            }
          ]
        },
        {
          "type": "minecraft:item",
          "name": "minecraft:iron_ingot",
          "weight": 5,
          "functions": [
            {
              "function": "minecraft:set_count",
              "count": {
                "min": 1,
                "max": 4
              }
            }
          ]
        }
      ]
    },
    {
      "rolls": {
        "type": "minecraft:uniform",
        "min": 1,
        "max": 3
      },
      "bonus_rolls": 0,
      "entries": [
        {
          "type": "minecraft:item",
          "name": "minecraft:potion",
          "functions": [
            {
              "function": "minecraft:set_potion",
              "id": "minecraft:water"
            },
            {
              "function": "minecraft:set_count",
              "count": {
                "type": "minecraft:uniform",
                "min": 1,
                "max": 3
              },
              "add": false
            }
          ]
        },
        {
          "type": "minecraft:item",
          "name": "minecraft:beetroot_seeds",
          "weight": 2
        },
        {
          "type": "minecraft:item",
          "name": "minecraft:melon_seeds",
          "weight": 2
        },
        {
          "type": "minecraft:item",
          "name": "minecraft:potato",
          "weight": 10,
          "functions": [
            {
              "function": "minecraft:set_count",
              "count": {
                "type": "minecraft:uniform",
                "min": 1,
                "max": 7
              },
              "add": false
            }
          ]
        },
        {
          "type": "minecraft:item",
          "name": "minecraft:bread",
          "weight": 10,
          "functions": [
            {
              "function": "minecraft:set_count",
              "count": {
                "type": "minecraft:uniform",
                "min": 1,
                "max": 4
              },
              "add": false
            }
          ]
        },
        {
          "type": "minecraft:item",
          "name": "minecraft:apple",
          "weight": 10,
          "functions": [
            {
              "function": "minecraft:set_count",
              "count": {
                "type": "minecraft:uniform",
                "min": 1,
                "max": 5
              },
              "add": false
            }
          ]
        },
        {
          "type": "minecraft:item",
          "name": "minecraft:book"
        },
        {
          "type": "minecraft:item",
          "name": "minecraft:emerald",
          "weight": 2,
          "functions": [
            {
              "function": "minecraft:set_count",
              "count": {
                "type": "minecraft:uniform",
                "min": 1,
                "max": 4
              },
              "add": false
            }
          ]
        },
        {
          "type": "minecraft:item",
          "name": "minecraft:map",
          "weight": 2,
          "functions": [
            {
              "function": "minecraft:set_name",
              "name": {
                "text": "Overgrown Library Map"
              }
            },
            {
              "function": "minecraft:exploration_map",
              "destination": "ethrium:overgrown_library",
              "decoration": "target_x",
              "search_radius": 50000,
              "skip_existing_chunks": true
            }
          ]
        },
        {
          "type": "minecraft:item",
          "name": "minecraft:map",
          "weight": 2,
          "functions": [
            {
              "function": "minecraft:set_name",
              "name": {
                "text": "Bastion Outpost Map"
              }
            },
            {
              "function": "minecraft:exploration_map",
              "destination": "ethrium:bastion_outpost",
              "decoration": "target_x",
              "search_radius": 50000,
              "skip_existing_chunks": true
            }
          ]
        }
      ]
    }
  ]
}