{
  "type": "minecraft:gift",
  "pools": [
    {
      "rolls": 1,
      "bonus_rolls": 2,
      "entries": [
        {
          "type": "minecraft:item",
          "name": "minecraft:iron_axe",
          "weight": 100,
          "functions": [
            {
              "function": "minecraft:enchant_with_levels",
              "levels": {
                "min": 10,
                "max": 30
              },
              "options": "#village_hero:vanilla_enchantments"
            }
          ]
        },
        {
          "type": "minecraft:item",
          "name": "minecraft:iron_hoe",
          "weight": 100,
          "functions": [
            {
              "function": "minecraft:enchant_with_levels",
              "levels": {
                "min": 10,
                "max": 30
              },
              "options": "#village_hero:vanilla_enchantments"
            }
          ]
        },
        {
          "type": "minecraft:item",
          "name": "minecraft:iron_pickaxe",
          "weight": 100,
          "functions": [
            {
              "function": "minecraft:enchant_with_levels",
              "levels": {
                "min": 10,
                "max": 30
              },
              "options": "#village_hero:vanilla_enchantments"
            }
          ]
        },
        {
          "type": "minecraft:item",
          "name": "minecraft:iron_shovel",
          "weight": 100,
          "functions": [
            {
              "function": "minecraft:enchant_with_levels",
              "levels": {
                "min": 10,
                "max": 30
              },
              "options": "#village_hero:vanilla_enchantments"
            }
          ]
        },
        {
          "type": "minecraft:item",
          "name": "minecraft:iron_block",
          "weight": 100,
          "functions": [
            {
              "function": "minecraft:set_count",
              "count": {
                "min": 1,
                "max": 4
              },
              "add": false
            }
          ]
        },
        {
          "type": "minecraft:item",
          "name": "minecraft:golden_axe",
          "weight": 75,
          "functions": [
            {
              "function": "minecraft:enchant_with_levels",
              "levels": {
                "min": 30,
                "max": 60
              },
              "options": "#village_hero:vanilla_enchantments"
            }
          ]
        },
        {
          "type": "minecraft:item",
          "name": "minecraft:golden_hoe",
          "weight": 75,
          "functions": [
            {
              "function": "minecraft:enchant_with_levels",
              "levels": {
                "min": 30,
                "max": 60
              },
              "options": "#village_hero:vanilla_enchantments"
            }
          ]
        },
        {
          "type": "minecraft:item",
          "name": "minecraft:golden_pickaxe",
          "weight": 75,
          "functions": [
            {
              "function": "minecraft:enchant_with_levels",
              "levels": {
                "min": 30,
                "max": 60
              },
              "options": "#village_hero:vanilla_enchantments"
            }
          ]
        },
        {
          "type": "minecraft:item",
          "name": "minecraft:golden_shovel",
          "weight": 75,
          "functions": [
            {
              "function": "minecraft:enchant_with_levels",
              "levels": {
                "min": 30,
                "max": 60
              },
              "options": "#village_hero:vanilla_enchantments"
            }
          ]
        },
        {
          "type": "minecraft:item",
          "name": "minecraft:diamond_axe",
          "weight": 40,
          "quality": 10,
          "functions": [
            {
              "function": "minecraft:enchant_with_levels",
              "levels": {
                "min": 20,
                "max": 40
              },
              "options": "#village_hero:vanilla_enchantments"
            }
          ]
        },
        {
          "type": "minecraft:item",
          "name": "minecraft:diamond_hoe",
          "weight": 40,
          "quality": 10,
          "functions": [
            {
              "function": "minecraft:enchant_with_levels",
              "levels": {
                "min": 20,
                "max": 40
              },
              "options": "#village_hero:vanilla_enchantments"
            }
          ]
        },
        {
          "type": "minecraft:item",
          "name": "minecraft:diamond_pickaxe",
          "weight": 40,
          "quality": 10,
          "functions": [
            {
              "function": "minecraft:enchant_with_levels",
              "levels": {
                "min": 20,
                "max": 40
              },
              "options": "#village_hero:vanilla_enchantments"
            }
          ]
        },
        {
          "type": "minecraft:item",
          "name": "minecraft:diamond_shovel",
          "weight": 40,
          "quality": 10,
          "functions": [
            {
              "function": "minecraft:enchant_with_levels",
              "levels": {
                "min": 20,
                "max": 40
              },
              "options": "#village_hero:vanilla_enchantments"
            }
          ]
        },
        {
          "type": "minecraft:item",
          "name": "minecraft:netherite_upgrade_smithing_template",
          "weight": 35,
          "quality": 25
        },
        {
          "type": "minecraft:item",
          "name": "minecraft:netherite_hoe",
          "weight": 1,
          "quality": 50
        },
        {
          "type": "minecraft:item",
          "name": "minecraft:netherite_shovel",
          "weight": 1,
          "quality": 50
        },
        {
          "type": "minecraft:item",
          "name": "minecraft:netherite_axe",
          "weight": 1,
          "quality": 50
        },
        {
          "type": "minecraft:item",
          "name": "minecraft:netherite_pickaxe",
          "weight": 1,
          "quality": 50
        },
        {
          "type": "minecraft:item",
          "name": "minecraft:beacon",
          "weight": 1,
          "quality": 50
        }
      ]
    }
  ],
  "random_sequence": "minecraft:gameplay/hero_of_the_village/toolsmith_gift"
}
