{
	"type": "minecraft:chest",
	"pools": [
		{
			"rolls": 1,
			"bonus_rolls": 0,
			"entries": [
				{
					"type": "minecraft:item",
					"name": "minecraft:trial_key",
					"weight": 3,
					"functions": [
						{
							"function": "minecraft:set_name",
							"target": "item_name",
							"name": {
								"translate": "item.yggdrasil.asgard.key",
								"fallback": "Asgard Key"
							}
						},
						{
							"function": "minecraft:set_components",
							"components": {
								"minecraft:rarity": "epic",
								"minecraft:custom_data": {
									"yggdrasil": {
										"id": "yggdrasil.asgard.key.normal"
									}
								}
							}
						},
						{
							"function": "minecraft:set_lore",
							"entity": "this",
							"lore": [
								{
									"translate": "item.yggdrasil.asgard.key.lore1",
									"fallback": "Can only be used on Vault in Asgard",
									"color": "#a0a0a0",
									"bold": false,
									"italic": false,
									"underlined": false,
									"strikethrough": false,
									"obfuscated": false
								},
								{
									"text": ""
								},
								{
									"translate": "item.yggdrasil.structure.vault",
									"fallback": "(Structure Item - Vault)",
									"color": "#707070",
									"bold": false,
									"italic": false,
									"underlined": false,
									"strikethrough": false,
									"obfuscated": false
								},
								{
									"translate": "item.yggdrasil.asgard.location",
									"fallback": "[Asgard]",
									"color": "#2a6b16",
									"bold": false,
									"italic": false,
									"underlined": false,
									"strikethrough": false,
									"obfuscated": false
								}
							],
							"mode": "replace_all"
						}
					]
				}
			]
		}
	],
	"random_sequence": "yggdrasil:helheim/key"
}
