{
	"pools": [
		{
			"rolls": {
				"min": 3,
				"max": 7
			},
			"entries": [
				{
					"type": "minecraft:item",
					"name": "minecraft:flint",
					"weight": 1,
					"functions": [
						{
							"function": "minecraft:set_count",
							"count": {
								"min": 2,
								"max": 3
							}
						}
					]
				},
				{
					"type": "minecraft:item",
					"name": "minecraft:redstone",
					"weight": 3,
					"functions": [
						{
							"function": "minecraft:set_count",
							"count": {
								"min": 2,
								"max": 7
							}
						}
					]
				},
				{
					"type": "minecraft:item",
					"name": "minecraft:feather",
					"weight": 2,
					"functions": [
						{
							"function": "minecraft:set_count",
							"count": {
								"min": 1,
								"max": 3
							}
						}
					]
				}
			]
		}
	],
	"random_sequence": "yggdrasil:generic/reward"
}
