{
  "display": {
    "icon": {
      "id": "minecraft:oak_planks"
    },
    "title": {
      "text": "Hello, Weary Traveler "
    },
    "description": {
      "text": "Find a Friendly Outpost"
    },
    "frame": "task",
    "show_toast": true,
    "announce_to_chat": true,
    "hidden": false
  },
  "parent": "ethrium:root",
  "criteria": {
    "bastion": {
      "trigger": "minecraft:location",
      "conditions": {
        "player": [
          {
            "condition": "minecraft:entity_properties",
            "entity": "this",
            "predicate": {
              "location": {
                "structures": "ethrium:friendly_outpost"
              }
            }
          }
        ]
      }
    }
  },
  "requirements": [
    [
      "bastion"
    ]
  ]
}
