{
  "display": {
    "icon": {
      "id": "minecraft:porkchop"
    },
    "title": "Fast Food",
    "description": "Call upon a speedy dirty pig",
    "frame": "task",
    "show_toast": true,
    "announce_to_chat": true,
    "hidden": false
  },
  "parent": "mt:treasure_advancements/first_epic_savanna_treasure",
  "criteria": {
    "requirement": {
      "trigger": "minecraft:consume_item",
      "conditions": {
        "item": {
          "predicates": {
  "minecraft:custom_data": "{spawn:\"mt.dirty\"}"
      }        }
      }
    }
  }
}
