{
	"pools": [
		{
			"rolls": 5,
			"bonus_rolls": 2,
			"entries": [
				{
					"type": "minecraft:item",
					"weight": 10,
					"name": "minecraft:cod",
					"functions": [
						{
							"function": "minecraft:set_count",
							"count": {
								"min": 1,
								"max": 5
							}
						}
					]
				},
				{
					"type": "minecraft:item",
					"weight": 9,
					"name": "minecraft:salmon",
					"functions": [
						{
							"function": "minecraft:set_count",
							"count": {
								"min": 1,
								"max": 5
							}
						}
					]
				},
				{
					"type": "minecraft:item",
					"weight": 2,
					"name": "minecraft:tripwire_hook",
					"functions": [
						{
							"function": "minecraft:set_count",
							"count": {
								"min": 1,
								"max": 2
							}
						}
					]
				},
				{
					"type": "minecraft:item",
					"weight": 10,
					"name": "minecraft:string",
					"functions": [
						{
							"function": "minecraft:set_count",
							"count": {
								"min": 1,
								"max": 3
							}
						}
					]
				},
				{
					"type": "minecraft:item",
					"weight": 1,
					"name": "minecraft:fishing_rod",
					"functions": [
						{
							"function": "minecraft:set_count",
							"count": 1
						},
						{
							"function": "minecraft:set_damage",
							"damage": {
								"min": 0.5,
								"max": 0.75
							}
						},
						{
							"function": "minecraft:set_enchantments",
							"enchantments": {
								"minecraft:luck_of_the_sea": 1
							},
							"conditions": [
								{
									"condition": "minecraft:random_chance",
									"chance": 0.5
								}
							]
						},
						{
							"function": "minecraft:set_enchantments",
							"enchantments": {
								"minecraft:lure": 1
							},
							"conditions": [
								{
									"condition": "minecraft:random_chance",
									"chance": 0.5
								}
							]
						},
						{
							"function": "minecraft:set_enchantments",
							"enchantments": {
								"minecraft:unbreaking": {
									"min": 1,
									"max": 2
								}
							},
							"conditions": [
								{
									"condition": "minecraft:random_chance",
									"chance": 0.5
								}
							]
						},
						{
							"function": "minecraft:set_enchantments",
							"enchantments": {
								"minecraft:mending": 1
							},
							"conditions": [
								{
									"condition": "minecraft:random_chance",
									"chance": 0.1
								}
							]
						}
					]
				},
				{
					"type": "minecraft:item",
					"weight": 2,
					"name": "minecraft:cobweb",
					"functions": [
						{
							"function": "minecraft:set_count",
							"count": {
								"min": 1,
								"max": 2
							}
						}
					]
				}
			]
		},
		{
			"rolls": 1,
			"bonus_rolls": 0,
			"entries": [
				{
					"type": "minecraft:item",
					"name": "minecraft:map",
					"weight": 1,
					"functions": [
						{
							"function": "minecraft:set_count",
							"count": 1
						},
						{
							"function": "minecraft:exploration_map",
							"destination": "kattersstructures:village_only_ocean",
							"decoration": "village_snowy",
							"zoom": 1,
							"skip_existing_chunks": true
						},
						{
							"function": "minecraft:set_name",
							"entity": "this",
							"target": "custom_name",
							"name": "Ocean Village Map"
						},
						{
							"function": "minecraft:set_lore",
							"entity": "this",
							"lore": [
								{
									"text": "Shows the location of a Katters Structure Ocean Village"
								}
							],
							"mode": "insert"
						}
					]
				}
			],
			"conditions": [
				{
					"condition": "minecraft:random_chance",
					"chance": 0.1
				}
			]
		}
	]
}