{
  "display": {
    "icon": {
      "id": "minecraft:dried_kelp"
    },
    "title": "Not That Rotten",
    "description": "Eat Dark Meat",
    "frame": "task",
    "show_toast": true,
    "announce_to_chat": true,
    "hidden": false
  },
  "parent": "mt:treasure_advancements/first_epic_deep_dark_treasure",
  "criteria": {
    "requirement": {
      "trigger": "minecraft:consume_item",
      "conditions": {
        "item": {
          "predicates": {
  "minecraft:custom_data": "{food:\"dark_meat\"}"
      }        }
      }
    }
  }
}
