{
  "processors": [
    {
      "processor_type": "minecraft:rule",
      "rules": [



        {
          "location_predicate": {
            "predicate_type": "minecraft:block_match",
            "block": "minecraft:water"
          },
          "input_predicate": {
            "predicate_type": "minecraft:block_match",
            "block": "minecraft:grass_block"
          },
          "output_state": {
            "Name": "minecraft:water",
            "Properties": {
              "level": "0"
            }
          }
        },
        {
          "location_predicate": {
            "predicate_type": "minecraft:block_match",
            "block": "minecraft:water"
          },
          "input_predicate": {
            "predicate_type": "minecraft:random_block_match",
            "block": "minecraft:moss_block",
            "probability": 0.3
          },
          "output_state": {
            "Name": "minecraft:water",
            "Properties": {
              "level": "0"
            }
          }
        },
        {
          "location_predicate": {
            "predicate_type": "minecraft:block_match",
            "block": "minecraft:water"
          },
          "input_predicate": {
            "predicate_type": "minecraft:block_match",
            "block": "minecraft:moss_block"
          },
          "output_state": {
            "Name": "minecraft:birch_planks"
          }
        },
        {
          "location_predicate": {
            "predicate_type": "minecraft:block_match",
            "block": "minecraft:water"
          },
          "input_predicate": {
            "predicate_type": "minecraft:block_match",
            "block": "minecraft:podzol"
          },
          "output_state": {
            "Name": "minecraft:birch_planks"
          }
        },



        {
          "location_predicate": {
            "predicate_type": "minecraft:block_match",
            "block": "minecraft:sand"
          },
          "input_predicate": {
            "predicate_type": "minecraft:random_block_match",
            "block": "minecraft:grass_block",
            "probability": 0.8
          },
          "output_state": {
            "Name": "minecraft:sand"
          }
        },
        {
          "location_predicate": {
            "predicate_type": "minecraft:block_match",
            "block": "minecraft:sand"
          },
          "input_predicate": {
            "predicate_type": "minecraft:random_block_match",
            "block": "minecraft:moss_block",
            "probability": 0.6
          },
          "output_state": {
            "Name": "minecraft:sand"
          }
        },
        {
          "location_predicate": {
            "predicate_type": "minecraft:block_match",
            "block": "minecraft:sand"
          },
          "input_predicate": {
            "predicate_type": "minecraft:random_block_match",
            "block": "minecraft:podzol",
            "probability": 0.1
          },
          "output_state": {
            "Name": "minecraft:sand"
          }
        },


        {
          "location_predicate": {
            "predicate_type": "minecraft:block_match",
            "block": "minecraft:stone"
          },
          "input_predicate": {
            "predicate_type": "minecraft:random_block_match",
            "block": "minecraft:grass_block",
            "probability": 0.8
          },
          "output_state": {
            "Name": "minecraft:stone"
          }
        },
        {
          "location_predicate": {
            "predicate_type": "minecraft:block_match",
            "block": "minecraft:stone"
          },
          "input_predicate": {
            "predicate_type": "minecraft:random_block_match",
            "block": "minecraft:moss_block",
            "probability": 0.6
          },
          "output_state": {
            "Name": "minecraft:stone"
          }
        },
        {
          "location_predicate": {
            "predicate_type": "minecraft:block_match",
            "block": "minecraft:stone"
          },
          "input_predicate": {
            "predicate_type": "minecraft:random_block_match",
            "block": "minecraft:podzol",
            "probability": 0.1
          },
          "output_state": {
            "Name": "minecraft:stone"
          }
        }
      ]
    }
  ]
}
